society_name,price,BHK,City,sqft,furnished_status
,₹2.24 Cr ,4 BHK,Pune,1830,Unfurnished
,₹3.45 Cr ,4 BHK,Pune,2059,Unfurnished
Godrej Ivara,₹3.09 Cr ,4 BHK,Pune,1550,Unfurnished
Majestique Evolvus,₹2.42 Cr ,4 BHK,Pune,1684,Unfurnished
Majestique Evolvus,₹2.42 Cr ,4 BHK,Pune,1684,Unfurnished
Rachana Bella Casa Royale,₹1.53 Cr ,3 BHK,Pune,1166,Unfurnished
Nyati Emerald,₹1.75 Cr ,3 BHK,Pune,1213,Unfurnished
Lodha Massimo,₹7.84 Cr ,5 BHK,Pune,3673,Unfurnished
Suratwala Mark Plazzo,₹1.70 Cr ,,Pune,721,
Nyati Emerald,₹1.75 Cr ,3 BHK,Pune,1213,Unfurnished
Godrej Ivara,₹3.09 Cr ,4 BHK,Pune,1550,Unfurnished
Green Ladder Skyora,₹1.70 Cr ,3 BHK,Pune,1282,Unfurnished
Shree Venkatesh Midori Towers Phase II,₹1.53 Cr ,3 BHK,Pune,1159,Unfurnished
Kasturi The Balmoral Towers,₹6.66 Cr ,6 BHK,Pune,3742,Unfurnished
Rohan Harita,₹2.12 Cr ,4 BHK,Pune,1740,Unfurnished
Kumar Parth Towers,₹1.60 Cr ,3 BHK,Pune,1177,Unfurnished
Kolte Patil 24K Altura,₹2.66 Cr ,3 BHK,Pune,1371,Unfurnished
Mantra Mayfair River Residences,₹2.30 Cr ,4 BHK,Pune,1624,Unfurnished
,₹2.22 Cr ,4 BHK,Pune,1909,Unfurnished
Rising Kohinoor Business Tower,₹3 Cr ,,Pune,1498,
Avenue Promenade,₹4.55 Cr ,,Pune,2130,
Ranawat  Aura Aiwa,₹1.52 Cr ,4 BHK,Pune,1543,Unfurnished
Intofinity Kohinoor Satori Mahalunge,₹3.19 Cr ,4 BHK,Pune,2326,Unfurnished
Lodha Camelot,₹2.80 Cr ,4 BHK,Pune,1668,Unfurnished
Kolte Patil 24k Sereno,₹3.21 Cr ,3 BHK,Pune,1674,Unfurnished
Lodha Panache,₹1.62 Cr ,3 BHK,Pune,1088,Unfurnished
Dosti Greenscapes,₹1.65 Cr ,4 BHK,Pune,1395,Unfurnished
Sukhwani Minerva,₹2.40 Cr ,4 BHK,Pune,1474,Unfurnished
The Greenfront at Godrej Park World,₹1.63 Cr ,3 BHK,Pune,1198,Unfurnished
Kumar Parc Residences A2,₹2.19 Cr ,4 BHK,Pune,1674,Unfurnished
Kumar Surakasha,₹1.45 Cr ,3 BHK,,1450,Furnished
Terraza,₹3.95 Cr ,3 BHK,,1750,Furnished
Ganga Liviano,₹1.57 Cr ,2 BHK,,870,Furnished
Venkatesh Graffiti,₹85 Lac ,2 BHK,,785,Furnished
Vilas Prime Panache C Wing,₹1.80 Cr ,2 BHK,,946,Furnished
Bharati Vihar,₹98 Lac ,2 BHK,,1097,Furnished
Gayatree LandMark Phase 2,₹1.10 Cr ,2 BHK,,798,Furnished
Royal cataleya,₹56 Lac ,2 BHK,,680,Unfurnished
J S Chandrabhaga Residency,₹47.5 Lac ,1 BHK,,372,Furnished
Pristine Pacific 1,₹46 Lac ,1 BHK,,650,Unfurnished
Pristine Pacific 1,₹48 Lac ,1 BHK,,648,Unfurnished
Gada Anutham,₹1.60 Cr ,3 BHK,,1050,Furnished
Mark Nirvana,₹60 Lac ,2 BHK,,700,Furnished
Vasant Utsav,₹74 Lac ,2 BHK,,892,Furnished
,₹3.70 Cr ,3 BHK,,1350,Unfurnished
Xrbia Sneh Properties,₹15 Lac ,2 BHK,,450,Unfurnished
Shiv Sai Paradise,₹68 Lac ,2 BHK,,730,Furnished
,₹50 Lac ,1 BHK,,500,Unfurnished
,₹75 Lac ,2 BHK,,643,Furnished
Ganga Fernhill,₹38 Lac ,1 BHK,,625,Unfurnished
Nakshatra I Land,₹42 Lac ,1 BHK,,471,Unfurnished
Swami Samruddhi,₹50 Lac ,1 BHK,,427,Furnished
Gagan Emerald,₹85 Lac ,3 BHK,,1094,Unfurnished
Gagan Emerald,₹85 Lac ,3 BHK,,1094,Unfurnished
Gagan Horizon Akanksha,₹20 Lac ,1 BHK,,396,Unfurnished
Gagan Horizon Akanksha,₹25 Lac ,1 BHK,,414,Furnished
,₹36 Lac ,1 BHK,,441,Furnished
Gagan 33,₹3.75 Cr ,3 BHK,,3102,Unfurnished
Estado Presidential,₹2.10 Cr ,4 BHK,,2414,Unfurnished
Skyi Songbirds,₹90 Lac ,2 BHK,,1008,Furnished
,₹2.25 Cr ,4 BHK,Ahmedabad,387,Unfurnished
,₹1.02 Cr ,3 BHK,Ahmedabad,307,Unfurnished
,₹1.04 Cr ,3 BHK,Ahmedabad,968,Unfurnished
Shafalya Aurum Legacy,₹1.89 Cr ,4 BHK,Ahmedabad,1960,Unfurnished
Trogon Centre Court,₹2.77 Cr ,4 BHK,Ahmedabad,2345,Unfurnished
Prime Signor Heritage,₹7.9 Lac ,3 BHK,Ahmedabad,216,Unfurnished
SHELADIA TREETOP,₹5 Cr ,4 BHK,Ahmedabad,6262,Unfurnished
Shivalik Green View,₹1.57 Cr ,3 BHK,Ahmedabad,1284,Unfurnished
Sun Skyview,₹72.7 Lac ,3 BHK,Ahmedabad,931,Unfurnished
Safal Riviera Aspire,₹1.64 Cr ,3 BHK,Ahmedabad,1507,Unfurnished
Aristo Avira,₹1.49 Cr ,3 BHK,Ahmedabad,1057,Unfurnished
Shilp Sacred,₹3.16 Cr ,,Ahmedabad,2235,
Planet,₹73.1 Lac ,3 BHK,Ahmedabad,968,Unfurnished
D R Praharsh Serena,₹87 Lac ,3 BHK,Ahmedabad,1790,Unfurnished
Aristo Avira,₹1.47 Cr ,3 BHK,Ahmedabad,1055,Unfurnished
Goyal Riviera Prestige,₹3.22 Cr ,5 BHK,Ahmedabad,3705,Unfurnished
Vishwanath Maher Select,₹85 Lac ,3 BHK,Ahmedabad,952,Unfurnished
Turquoise Re45 ,₹2.26 Cr ,4 BHK,Ahmedabad,2200,Unfurnished
Adani Amaris,₹3.18 Cr ,4 BHK,Ahmedabad,2470,Unfurnished
Swati Premier,₹1.90 Cr ,4 BHK,Ahmedabad,1824,Unfurnished
Goyal Orchid Regal,₹2.09 Cr ,3 BHK,Ahmedabad,4287,Unfurnished
Adani Belrosa,₹6.10 Cr ,6 BHK,Ahmedabad,6911,Unfurnished
Aarav Elenza Infinium,₹1.75 Cr ,4 BHK,Ahmedabad,3900,Unfurnished
The Riseonic,₹1.25 Cr ,3 BHK,Ahmedabad,1095,Unfurnished
Saiyamm Apricus 2,₹2.60 Cr ,4 BHK,Ahmedabad,2200,Unfurnished
Aristo The Opus And Aatmantan,₹2.89 Cr ,4 BHK,Ahmedabad,4455,Unfurnished
Safal Niwa,₹1.50 Cr ,4 BHK,Ahmedabad,1452,Unfurnished
Sheladia Artefino,₹2.80 Cr ,4 BHK,Ahmedabad,2200,Unfurnished
Sharanya Altura,₹86.1 Lac ,3 BHK,Ahmedabad,968,Unfurnished
Times Trinity,₹5.75 Cr ,5 BHK,Ahmedabad,4221,Unfurnished
kanjur Vinayak Apartment,₹1.45 Cr ,2 BHK,,580,Furnished
,₹1.10 Cr ,1 BHK,,455,Furnished
Tista Arpit,₹85 Lac ,1 BHK,,354,Unfurnished
Rachna Garden,₹2.25 Cr ,3 BHK,,870,Furnished
,₹2.10 Cr ,2 BHK,,657,Unfurnished
JP North Aviva,₹62 Lac ,1 BHK,,360,Furnished
Madhuban Township,₹70 Lac ,2 BHK,,785,Furnished
Thakur Prasad Apartment,₹82 Lac ,1 BHK,,360,Unfurnished
,₹3.25 Cr ,2 BHK,,750,Unfurnished
,₹98 Lac ,,,290,Furnished
,₹1 Cr ,1 BHK,,400,Furnished
Heera Panna,₹87 Lac ,2 BHK,,700,Furnished
,₹2.30 Cr ,1 BHK,,550,Furnished
Satnam Leela,₹2.40 Cr ,2 BHK,,650,Furnished
Star Sky Sayba Heights,₹85 Lac ,1 BHK,,400,Furnished
,₹55 Lac ,2 BHK,,600,Furnished
,₹75 Lac ,1 BHK,,35,Furnished
,₹23.5 Lac ,1 BHK,Mumbai,380,Unfurnished
Bhoomi Gokul,₹2.30 Cr ,2 BHK,,785,Furnished
Prathampad Apartments,₹1.90 Cr ,2 BHK,,720,Unfurnished
,₹1.75 Cr ,2 BHK,,721,Furnished
,₹75 Lac ,1 BHK,,225,Furnished
,₹32 Lac ,2 BHK,,700,Unfurnished
Gokuldham,₹1.80 Cr ,1 BHK,,450,Furnished
St Anthony Apartment,₹3.60 Cr ,2 BHK,,720,Furnished
Classic View CHS,₹1.75 Cr ,2 BHK,,630,Furnished
Rivali Park,₹4.30 Cr ,3 BHK,,1296,Furnished
Evershine Millenium Paradise,₹1.80 Cr ,2 BHK,,583,Unfurnished
Evershine Millenium Paradise,₹2.90 Cr ,2 BHK,,756,Furnished
Evershine Green,₹3.30 Cr ,3 BHK,,972,Furnished
,₹4.19 Cr ,4 BHK,Mumbai,1860,Unfurnished
,₹2.24 Cr ,,Mumbai,934,
,₹1.65 Cr ,2 BHK,Mumbai,744,Furnished
,₹1.50 Cr ,2 BHK,Mumbai,735,Unfurnished
Escaso Platinum Sicily,₹2.47 Cr ,2 BHK,Mumbai,841,Unfurnished
Kamdhenu Crown,₹4.91 Cr ,3 BHK,Mumbai,1483,Unfurnished
Emperia Hill Crest,₹62.7 Lac ,2 BHK,Mumbai,564,Unfurnished
Kamdhenu Pinnacle,₹2.39 Cr ,3 BHK,Mumbai,881,Unfurnished
Surana Harmony,₹39 Lac ,1 BHK,Mumbai,437,Unfurnished
Godrej Varanya Phase 2,₹3.78 Cr ,3 BHK,Mumbai,1121,Unfurnished
Embassy Park Panvel,₹1.05 Cr ,2 BHK,Mumbai,699,Unfurnished
Tricity Aura,₹70.1 Lac ,2 BHK,Mumbai,600,Unfurnished
Ravriya Neelkanth Darshan,₹1.49 Cr ,2 BHK,Mumbai,990,Unfurnished
Shri Ashtavinayak Vinayak Vista,₹67.8 Lac ,2 BHK,Mumbai,1037,Unfurnished
Techno Shreeji Destiny,₹1.30 Cr ,,Mumbai,840,
,₹47.9 Lac ,1 BHK,Mumbai,328,Unfurnished
Dream Ikon,₹1.09 Cr ,,Mumbai,675,
The Arena at Hiranandani Fortune city,₹3.05 Cr ,4 BHK,Mumbai,1896,Unfurnished
Goodwill Wisteria,₹7.21 Cr ,6 BHK,Mumbai,2338,Unfurnished
Paradise Sai World Empire,₹1.94 Cr ,2 BHK,Mumbai,877,Unfurnished
Moreshwar 19 East,₹2.23 Cr ,2 BHK,Mumbai,700,Unfurnished
Embassy Park Panvel,₹1.05 Cr ,2 BHK,Mumbai,699,Unfurnished
Balaji Delta Palm Beach,₹3.79 Cr ,3 BHK,Mumbai,1499,Unfurnished
Satyam Next Level Kharghar Central,₹1.79 Cr ,3 BHK,Mumbai,856,Unfurnished
Superb Maximus City,₹74.1 Lac ,2 BHK,Mumbai,706,Unfurnished
Vishwa Plan M Business Park,₹2.60 Cr ,,Mumbai,810,
Raheja Solaris III,₹4.42 Cr ,4 BHK,Mumbai,1650,Unfurnished
Arihant Adarsh Phase I,₹53.8 Lac ,2 BHK,Mumbai,578,Unfurnished
Cyber Square 1,₹5.40 Cr ,,Mumbai,2879,
Delta Luxuria,₹2.80 Cr ,3 BHK,Mumbai,1169,Unfurnished
M3M Skycity,₹3.75 Cr ,3 BHK,Gurgaon,1429,Furnished
,₹4 Cr ,4 BHK,Gurgaon,2100,Furnished
,₹3.45 Cr ,4 BHK,Gurgaon,1950,Furnished
,₹1.25 Cr ,2 BHK,Delhi,756,Furnished
All Punjabi Welfare Association,₹2.95 Cr ,3 BHK,Gurgaon,1650,Furnished
ATS One Hamlet,₹6.50 Cr ,4 BHK,Noida,2500,Furnished
DDA Flats Munirka,₹2.10 Cr ,3 BHK,Delhi,1450,Furnished
,₹80 Lac ,3 BHK,Delhi,1200,Furnished
,₹1.15 Cr ,2 BHK,Delhi,80,Furnished
Chanakya Apartments,₹2.95 Cr ,3 BHK,Delhi,1700,Unfurnished
,₹2.68 Cr ,,Gurgaon,540,
,₹16 Cr ,,Noida,4844,
Unitech South City II,₹3.75 Cr ,4 BHK,Gurgaon,2600,Furnished
Emaar Emerald Hills,₹2.51 Cr ,3 BHK,Gurgaon,2210,Unfurnished
SKA Orion,₹2.47 Cr ,3 BHK,Noida,1900,Unfurnished
CRC The Flagship,₹10.93 Cr ,,Noida,3500,
,₹3.25 Cr ,3 BHK,Delhi,1350,Unfurnished
Chintels Serenity,₹4.68 Cr ,4 BHK,Gurgaon,1551,Unfurnished
,₹11.50 Cr ,4 BHK,Gurgaon,5000,Furnished
New Modern Appartment,₹2.10 Cr ,3 BHK,Delhi,1300,Furnished
,₹2.59 Cr ,2 BHK,Gurgaon,750,Furnished
Adani Samsara Avasa,₹4 Cr ,4 BHK,Gurgaon,1361,Furnished
,₹2.09 Cr ,3 BHK,Delhi,996,Unfurnished
Luxury Builder Floors,₹6 Cr ,4 BHK,Gurgaon,3200,Furnished
Cyber City,₹32.5 Lac ,,Noida,525,Furnished
,₹70 Lac ,2 BHK,,850,Furnished
Tulip Violet,₹2.35 Cr ,3 BHK,Gurgaon,1578,Furnished
,₹6.02 Cr ,3 BHK,Gurgaon,2300,Furnished
Indiabulls Enigma,₹8 Cr ,5 BHK,Gurgaon,7430,Unfurnished
Logix Blossom County 2,₹1.40 Cr ,3 BHK,Noida,980,Furnished
TARC Tripundra,₹9.85 Cr ,4 BHK,Delhi,3200,Unfurnished
TARC Tripundra,₹9.85 Cr ,4 BHK,Delhi,3200,Unfurnished
Omaxe Chowk,₹2.44 Cr ,,Delhi,244,
DLF One Midtown,₹6 Cr ,3 BHK,Delhi,2282,Unfurnished
Unity The Amaryllis Phase 2,₹14.30 Cr ,5 BHK,Delhi,5236,Unfurnished
The Omaxe State,₹75 Cr ,,Delhi,10,
The Omaxe State,₹75 Cr ,,Delhi,10,
Omaxe Chowk,₹2.44 Cr ,,Delhi,244,
Omaxe Chowk,₹1.31 Cr ,,Delhi,131,
The Omaxe State,₹75 Cr ,,Delhi,10,
The Omaxe State,₹120 Cr ,,Delhi,8000,
Unity The Amaryllis Phase 2,₹14.30 Cr ,5 BHK,Delhi,5236,Unfurnished
Garur Golf Island,₹7.61 Cr ,4 BHK,Delhi,3260,Unfurnished
The Omaxe State,₹75 Cr ,,Delhi,10,
The Omaxe State,₹75 Cr ,,Delhi,10,
TARC Kailasa,₹11.01 Cr ,4 BHK,Delhi,3315,Unfurnished
TARC Tripundra,₹9.85 Cr ,4 BHK,Delhi,3200,Unfurnished
The Omaxe State,₹75 Cr ,,Delhi,10,
Dimple Pearl,₹6 Cr ,,Delhi,2835,
Metro Premium Builder Floor,₹6.25 Cr ,3 BHK,Delhi,1550,Furnished
Dakshinayan Apartment,₹2.48 Cr ,3 BHK,Delhi,1700,Unfurnished
DDA Flats Munirka,₹2.10 Cr ,3 BHK,Delhi,1450,Furnished
,₹17.35 Cr ,4 BHK,Delhi,800,Furnished
,₹4.50 Cr ,4 BHK,Delhi,270,Furnished
Vasant Vihar Builder Floor,₹13.50 Cr ,4 BHK,Delhi,400,Unfurnished
,₹7.50 Cr ,4 BHK,Delhi,337,Furnished
Dakshinayan Apartment,₹2.60 Cr ,3 BHK,Delhi,1500,Furnished
,₹3.25 Cr ,3 BHK,Delhi,1350,Furnished
Dakshinayan Apartment,₹2.48 Cr ,3 BHK,Delhi,1530,Furnished
,₹6.85 Cr ,3 BHK,Delhi,1600,Furnished
Unity the Amaryllis,₹12.39 Cr ,5 BHK,Delhi,3173,Unfurnished
Omaxe Chowk,₹2.44 Cr ,,Delhi,244,
Unity The Amaryllis Phase 2,₹14.30 Cr ,5 BHK,Delhi,5236,Unfurnished
Omaxe Chowk,₹2.44 Cr ,,Delhi,244,
Omaxe Chowk,₹1.31 Cr ,,Delhi,131,
Unity The Amaryllis Phase 2,₹14.30 Cr ,5 BHK,Delhi,5236,Unfurnished
Dimple Pearl,₹6 Cr ,,Delhi,2835,
,₹7.15 Cr ,4 BHK,Delhi,2618,Unfurnished
Unity The Amaryllis Phase 2,₹8.45 Cr ,3 BHK,Delhi,2701,Unfurnished
,₹12 Cr ,,Delhi,2450,
,₹27.75 Cr ,3 BHK,Delhi,3375,Furnished
,₹26 Cr ,4 BHK,Delhi,2531,Furnished
,₹130 Cr ,10 BHK,Delhi,3075,Furnished
Godrej Connaught One,₹19.80 Cr ,3 BHK,Delhi,2201,Furnished
,₹6.30 Cr ,3 BHK,Delhi,1800,Furnished
Unity the Amaryllis,₹4.30 Cr ,3 BHK,Delhi,1900,Furnished
,₹13.70 Cr ,4 BHK,Delhi,2250,Furnished
,₹105 Cr ,7 BHK,Delhi,440,Furnished
Godrej Connaught One,₹20.90 Cr ,3 BHK,Delhi,2201,Unfurnished
,₹1.95 Cr ,2 BHK,Delhi,850,Unfurnished
,₹23.50 Cr ,3 BHK,Delhi,2000,Unfurnished
,₹6 Cr ,3 BHK,Delhi,200,Furnished
Unity The Amaryllis Phase 2,₹10.19 Cr ,4 BHK,Delhi,2213,Unfurnished
,₹52 Lac ,,Delhi,270,
,₹85 Lac ,,Delhi,500,
,₹6.25 Cr ,3 BHK,Delhi,200,Furnished
DDA MIG Flats Prasad Nagar Phase 2,₹1.90 Cr ,3 BHK,Delhi,1500,Furnished
,₹2.10 Cr ,3 BHK,Delhi,900,Furnished
,₹6.50 Cr ,2 BHK,Delhi,1400,Unfurnished
,₹2 Cr ,,Delhi,580,
,₹11.59 Cr ,4 BHK,Mumbai,2251,Unfurnished
,₹4.33 Cr ,2 BHK,Mumbai,750,Unfurnished
,₹3.16 Cr ,2 BHK,Mumbai,753,Unfurnished
,₹14.84 Cr ,5 BHK,Mumbai,2749,Unfurnished
Dosti Eastern Bay,₹1.88 Cr ,1 BHK,Mumbai,470,Unfurnished
Godrej Avenue Eleven,₹30 Cr ,4 BHK,Mumbai,2459,Unfurnished
Piramal Mahalaxmi,₹8.30 Cr ,3 BHK,Mumbai,1147,Unfurnished
Lodha Aureus,₹11.90 Cr ,4 BHK,Mumbai,2250,Unfurnished
Darshan Promesa Fremont,₹4.40 Cr ,3 BHK,Mumbai,1044,Unfurnished
Ruparel Vivanza,₹4.21 Cr ,3 BHK,Mumbai,1058,Unfurnished
7 Mahalaxmi,₹6.77 Cr ,3 BHK,Mumbai,1266,Unfurnished
Ajmera Manhattan,₹4.10 Cr ,3 BHK,Mumbai,1023,Unfurnished
Raymond The Address By GS,₹4.20 Cr ,3 BHK,Mumbai,1313,Unfurnished
Ajmera Manhattan,₹7.15 Cr ,4 BHK,Mumbai,1782,Unfurnished
Lodha Park,₹20.76 Cr ,5 BHK,Mumbai,2532,Unfurnished
Lodha Park,₹6.99 Cr ,3 BHK,Mumbai,1136,Unfurnished
Piramal Mahalaxmi,₹5.72 Cr ,2 BHK,Mumbai,790,Unfurnished
Sobha Inizio,₹6.58 Cr ,3 BHK,Mumbai,1225,Unfurnished
Lodha Park,₹7.79 Cr ,3 BHK,Mumbai,1266,Unfurnished
Siddha Sky,₹1.71 Cr ,2 BHK,Mumbai,606,Unfurnished
Equinox Embassy Citadel,₹13.06 Cr ,3 BHK,Mumbai,1840,Unfurnished
Marathon Monte South,₹4 Cr ,2 BHK,Mumbai,854,Unfurnished
Godrej Trilogy Seafront,₹16.61 Cr ,3 BHK,Mumbai,1661,Unfurnished
Ruparel Vivanza,₹3.36 Cr ,3 BHK,Mumbai,1058,Unfurnished
Sobha Inizio,₹6.58 Cr ,3 BHK,Mumbai,1225,Unfurnished
Prestige Jasdan Classic,₹14.38 Cr ,4 BHK,Mumbai,2302,Unfurnished
Raheja Modern Vivarea,₹20.12 Cr ,5 BHK,Mumbai,2809,Unfurnished
Raheja Modern Vivarea,₹20.12 Cr ,5 BHK,Mumbai,2809,Unfurnished
Raheja Imperia I,₹9.25 Cr ,3 BHK,Mumbai,1407,Unfurnished
Piramal Mahalaxmi,₹10.50 Cr ,3 BHK,Mumbai,1450,Unfurnished
The Wadhwa Artek Park,₹12.28 Cr ,4 BHK,Mumbai,1890,Unfurnished
The Wadhwa Artek Park,₹13.51 Cr ,4 BHK,Mumbai,2055,Unfurnished
The Wadhwa Artek Park,₹14.50 Cr ,4 BHK,Mumbai,2205,Unfurnished
The Wadhwa Artek Park,₹9.63 Cr ,3 BHK,Mumbai,1464,Unfurnished
The Wadhwa Artek Park,₹23.59 Cr ,5 BHK,Mumbai,3630,Unfurnished
The Wadhwa Artek Park,₹9.05 Cr ,3 BHK,Mumbai,1393,Unfurnished
The Wadhwa Artek Park,₹12.28 Cr ,4 BHK,Mumbai,1890,Unfurnished
The Wadhwa Artek Park,₹13.51 Cr ,4 BHK,Mumbai,2055,Unfurnished
The Wadhwa Artek Park,₹9.63 Cr ,3 BHK,Mumbai,1464,Unfurnished
The Wadhwa Artek Park,₹14.50 Cr ,4 BHK,Mumbai,2205,Unfurnished
The Wadhwa Artek Park,₹23.59 Cr ,5 BHK,Mumbai,3630,Unfurnished
The Wadhwa Artek Park,₹9.05 Cr ,3 BHK,Mumbai,1393,Unfurnished
The Wadhwa Artek Park,₹12.28 Cr ,4 BHK,Mumbai,1890,Unfurnished
The Wadhwa Artek Park,₹13.51 Cr ,4 BHK,Mumbai,2055,Unfurnished
The Wadhwa Artek Park,₹14.50 Cr ,4 BHK,Mumbai,2205,Unfurnished
The Wadhwa Artek Park,₹23.59 Cr ,5 BHK,Mumbai,3630,Unfurnished
The Wadhwa Artek Park,₹9.63 Cr ,3 BHK,Mumbai,1464,Unfurnished
The Wadhwa Artek Park,₹9.05 Cr ,3 BHK,Mumbai,1393,Unfurnished
The Wadhwa Artek Park,₹12.28 Cr ,4 BHK,Mumbai,1890,Unfurnished
The Wadhwa Artek Park,₹13.51 Cr ,4 BHK,Mumbai,2055,Unfurnished
The Wadhwa Artek Park,₹14.50 Cr ,4 BHK,Mumbai,2205,Unfurnished
The Wadhwa Artek Park,₹9.63 Cr ,3 BHK,Mumbai,1464,Unfurnished
The Wadhwa Artek Park,₹23.59 Cr ,5 BHK,Mumbai,3630,Unfurnished
The Wadhwa Artek Park,₹9.05 Cr ,3 BHK,Mumbai,1393,Unfurnished
Rustomjee Stella,₹2.77 Cr ,2 BHK,Mumbai,695,Unfurnished
Rustomjee Stella,₹2.76 Cr ,2 BHK,Mumbai,693,Unfurnished
Rustomjee Stella,₹3.70 Cr ,3 BHK,Mumbai,928,Unfurnished
Rustomjee Stella,₹3.75 Cr ,3 BHK,Mumbai,942,Unfurnished
Rustomjee Stella,₹2.70 Cr ,2 BHK,Mumbai,679,Unfurnished
,₹2.67 Cr ,2 BHK,Mumbai,695,Unfurnished
,₹2.96 Cr ,3 BHK,Mumbai,1009,Unfurnished
,₹7.23 Cr ,3 BHK,Mumbai,1345,Unfurnished
,₹9.94 Cr ,4 BHK,Mumbai,1808,Unfurnished
,₹4.88 Cr ,4 BHK,Mumbai,1378,Unfurnished
,₹8.13 Cr ,3 BHK,Mumbai,1626,Unfurnished
,₹3.60 Cr ,3 BHK,Mumbai,1194,Unfurnished
,₹2.28 Cr ,,Mumbai,634,
,₹11.90 Cr ,4 BHK,Mumbai,1831,Unfurnished
,₹2.49 Cr ,2 BHK,Mumbai,761,Unfurnished
,₹7.63 Cr ,3 BHK,Mumbai,1175,Unfurnished
,₹2.64 Cr ,3 BHK,Mumbai,850,Unfurnished
,₹9.03 Cr ,5 BHK,Mumbai,2589,Unfurnished
,₹2.37 Cr ,2 BHK,Mumbai,683,Unfurnished
Disha Elysium,₹4.63 Cr ,3 BHK,Mumbai,1070,Unfurnished
Kumar Vibe Mangrove,₹3.76 Cr ,3 BHK,Mumbai,1090,Unfurnished
Regent Priyadarshani,₹4.90 Cr ,3 BHK,Mumbai,1253,Unfurnished
Raymond Invictus by GS,₹7.27 Cr ,3 BHK,Mumbai,1353,Unfurnished
Sunbeam Heights,₹4.51 Cr ,5 BHK,Mumbai,1295,Unfurnished
Godrej Sky Shore,₹11.82 Cr ,4 BHK,Mumbai,2155,Unfurnished
Puravankara Purva Estrella,₹3.37 Cr ,2 BHK,Mumbai,784,Unfurnished
Bharat Auravistas,₹9.14 Cr ,7 BHK,Mumbai,2294,Unfurnished
Sahakar Excel Acropolis,₹2.19 Cr ,2 BHK,Mumbai,617,Unfurnished
Adani Ten BKC ,₹8.13 Cr ,3 BHK,Mumbai,1626,Unfurnished
Rishabraj Avyaana,₹4.56 Cr ,3 BHK,Mumbai,1340,Unfurnished
Bhairav Ocean Breeze,₹1.37 Cr ,2 BHK,Mumbai,610,Unfurnished
Hill View Crest Oaks,₹3.03 Cr ,3 BHK,Mumbai,1145,Unfurnished
Kolte Patil Vivere,₹4.27 Cr ,3 BHK,Mumbai,1070,Unfurnished
Sushanku Avenue 37,₹2.44 Cr ,3 BHK,Mumbai,827,Unfurnished
Godrej Reserve,₹6.15 Cr ,4 BHK,Mumbai,2016,Unfurnished
Puravankara Purva Estrella,₹7.20 Cr ,4 BHK,Mumbai,1600,Unfurnished
Shubh Nirvana,₹2.16 Cr ,3 BHK,Pune,1332,Unfurnished
Pristine KYRA,₹6.02 Cr ,5 BHK,Pune,2636,Unfurnished
OXY BENICIO PHASE 1,₹2.44 Cr ,3 BHK,Pune,1129,Unfurnished
Pristine KYRA,₹3.98 Cr ,3 BHK,Pune,1882,Unfurnished
Shubh Nirvana,₹2.17 Cr ,3 BHK,Pune,1332,Unfurnished
Shubh Nirvana,₹2.17 Cr ,3 BHK,Pune,1332,Unfurnished
Pleasant Avenue Apartment,₹75 Lac ,1 BHK,Pune,485,Unfurnished
Nyati Empress,₹3.25 Cr ,,Pune,645,
Shubh Nirvana,₹2.30 Cr ,3 BHK,Pune,1129,Furnished
,₹1 Cr ,,Pune,500,
DNK Square ,₹1.50 Cr ,,Pune,600,
,₹5 Cr ,,Pune,3100,
,₹3.25 Cr ,3 BHK,Pune,1690,Unfurnished
Zircon,₹1.99 Cr ,3 BHK,Pune,1115,Unfurnished
OXY BENICIO PHASE 1,₹1.34 Cr ,2 BHK,Pune,620,Unfurnished
Shubh Nirvana,₹2.50 Cr ,,Pune,450,
,₹5.25 Cr ,4 BHK,Pune,3400,Furnished
Lunkad Sky Vie,₹4.50 Cr ,3 BHK,Pune,2352,Furnished
Shubh Nirvana,₹2.49 Cr ,,Pune,517,
Pristine KYRA,₹2.82 Cr ,3 BHK,Pune,1560,Furnished
Shubh Gateway,₹92.1 Lac ,2 BHK,Pune,700,Furnished
Pristine KYRA,₹3.01 Cr ,3 BHK,Pune,1546,Unfurnished
Rohan Mithila,₹2.30 Cr ,3 BHK,Pune,1200,Furnished
OXY BENICIO PHASE 1,₹2.14 Cr ,3 BHK,Pune,1129,Unfurnished
Shubh Nirvana,₹2.40 Cr ,3 BHK,Pune,1300,Furnished
Pristine KYRA,₹3.98 Cr ,3 BHK,Pune,1882,Furnished
Pristine KYRA,₹3.98 Cr ,3 BHK,Pune,1882,Unfurnished
Marvel Sonnet ,₹5.25 Cr ,4 BHK,Pune,4800,Furnished
Solitaire Business Hub,₹2.30 Cr ,,Pune,1335,
Sky Belvedere,₹8.50 Cr ,4 BHK,Pune,4505,Furnished
,₹1.63 Cr ,3 BHK,Pune,1198,Unfurnished
,₹81.2 Lac ,2 BHK,Pune,725,Unfurnished
Suratwala Mark Plazzo,₹1.05 Cr ,,Pune,434,
Godrej Evergreen Square,₹1.37 Cr ,3 BHK,Pune,1074,Unfurnished
The Greenfront at Godrej Park World,₹1.63 Cr ,3 BHK,Pune,1198,Unfurnished
Lodha Panache,₹1.62 Cr ,3 BHK,Pune,1088,Unfurnished
The Greenfront at Godrej Park World,₹1.63 Cr ,3 BHK,Pune,1198,Unfurnished
Legend Aaradhyam,₹94.5 Lac ,3 BHK,Pune,1041,Unfurnished
Lodha Panache,₹1.62 Cr ,3 BHK,Pune,1088,Unfurnished
Kohinoor Central Park,₹1.06 Cr ,3 BHK,Pune,955,Unfurnished
Kohinoor Central Park,₹1.06 Cr ,3 BHK,Pune,955,Unfurnished
Saheel Landmarc,₹1.57 Cr ,4 BHK,Pune,1475,Unfurnished
Lodha Panache,₹1.62 Cr ,3 BHK,Pune,1088,Unfurnished
Godrej Eden Estate Phase 3,₹3.04 Cr ,,Pune,2600,
Kolte Patil Canvas Phase 2,₹1.99 Cr ,4 BHK,Pune,1700,Unfurnished
Geras Joy on the Treetops,₹75.2 Lac ,2 BHK,Pune,753,Unfurnished
Godrej Evergreen Square,₹87.6 Lac ,2 BHK,Pune,701,Unfurnished
32 Pinewood Drive,₹67.6 Lac ,2 BHK,Pune,710,Unfurnished
Pride Park Titan,₹94.3 Lac ,2 BHK,Pune,789,Unfurnished
Rama Fusion Towers,₹60.8 Lac ,2 BHK,Pune,668,Unfurnished
Lodha Panache,₹1.62 Cr ,3 BHK,Pune,1088,Unfurnished
Godrej Evergreen Square,₹1.37 Cr ,3 BHK,Pune,1074,Unfurnished
VTP MONARQUE,₹1.66 Cr ,3 BHK,Pune,1490,Unfurnished
Rising High iBZ Hinjewadi ,₹1.30 Cr ,,Pune,1016,
Kolte Patil Life Republic Sector R22 Avenue Atmos,₹95.6 Lac ,3 BHK,Pune,1014,Unfurnished
,₹82.8 Lac ,1 BHK,Pune,588,Unfurnished
,₹1.49 Cr ,3 BHK,Pune,1082,Unfurnished
,₹3.21 Cr ,4 BHK,Pune,1942,Unfurnished
,₹74 Lac ,2 BHK,Pune,621,Unfurnished
Kolte Patil Life Republic,₹1.04 Cr ,3 BHK,Pune,1006,Furnished
PGM Zenistry,₹1.09 Cr ,2 BHK,Pune,796,Unfurnished
Merlin Ventana,₹1.71 Cr ,3 BHK,Pune,1135,Unfurnished
Nyati Emerald,₹1.75 Cr ,3 BHK,Pune,1213,Unfurnished
Lodha Massimo,₹7.84 Cr ,5 BHK,Pune,3673,Unfurnished
Nyati Emerald,₹1.75 Cr ,3 BHK,Pune,1213,Unfurnished
Yashada Business Zone,₹2.76 Cr ,,Pune,1197,
Merlin Ventana,₹1.74 Cr ,3 BHK,Pune,1158,Unfurnished
Kumar Parth Towers,₹1.48 Cr ,3 BHK,Pune,1090,Unfurnished
Kolte Patil 24K Altura,₹2.66 Cr ,3 BHK,Pune,1371,Unfurnished
Jhamtani SpaceBiz,₹19.13 Cr ,,Pune,7740,
Avenue Promenade,₹4.55 Cr ,,Pune,2130,
Star Elements,₹4 Cr ,4 BHK,Pune,2050,Unfurnished
Kolte Patil 24k Sereno,₹3.21 Cr ,3 BHK,Pune,1674,Unfurnished
Kolte Patil 24K Altura,₹3.35 Cr ,4 BHK,Pune,1725,Unfurnished
Nyati Emerald,₹1.75 Cr ,3 BHK,Pune,1213,Unfurnished
Lodha Massimo,₹3.79 Cr ,3 BHK,Pune,1776,Unfurnished
Lodha Massimo,₹7.84 Cr ,5 BHK,Pune,3673,Unfurnished
Kalpataru Jade Skyline,₹1.92 Cr ,3 BHK,Pune,1189,Unfurnished
Kumar Parth Towers,₹1.05 Cr ,2 BHK,Pune,774,Unfurnished
ANP Privado,₹7.50 Cr ,4 BHK,Pune,3000,Unfurnished
Nyati Emerald,₹1.20 Cr ,2 BHK,Pune,838,Unfurnished
Nyati Emerald,₹1.75 Cr ,3 BHK,Pune,1213,Unfurnished
Lodha Massimo,₹7.84 Cr ,5 BHK,Pune,3673,Unfurnished
ANP Privado,₹7.50 Cr ,4 BHK,Pune,3000,Unfurnished
Lodha Massimo,₹6.58 Cr ,5 BHK,Pune,3085,Unfurnished
Utsav Homes The Address,₹2.20 Cr ,3 BHK,Pune,1350,Unfurnished
Kumar Parth Towers,₹1.08 Cr ,2 BHK,Pune,796,Unfurnished
Kalpataru Jade Skyline,₹1.92 Cr ,3 BHK,Pune,1189,Unfurnished
Nyati Emerald,₹1.75 Cr ,3 BHK,Pune,1213,Unfurnished
Nyati Emerald,₹1.75 Cr ,3 BHK,Pune,1213,Unfurnished
,₹1.62 Cr ,3 BHK,Bangalore,1595,Unfurnished
Mana Jardin Neo,₹4.84 Cr ,4 BHK,Bangalore,3297,Unfurnished
LTG Aishwarya Indraprastha,₹76 Lac ,,Bangalore,2400,
Everfine Straatosphere,₹8.38 Cr ,3 BHK,Bangalore,3456,Unfurnished
Nambiar District 25 Phase 1,₹4.08 Cr ,4 BHK,Bangalore,2995,Unfurnished
Lodha Azur,₹1.69 Cr ,2 BHK,Bangalore,1248,Unfurnished
Pragathi Amber,₹1.13 Cr ,3 BHK,Bangalore,1550,Unfurnished
Vedanth Suraksha Courtyard ,₹1.95 Cr ,3 BHK,Bangalore,1760,Unfurnished
Adarsh Welkin Park,₹1.49 Cr ,3 BHK,Bangalore,1368,Unfurnished
Fortune Seven Sarjapur,₹1.54 Cr ,4 BHK,Bangalore,1912,Unfurnished
JRC Palladio,₹3.76 Cr ,4 BHK,Bangalore,3327,Unfurnished
Aratt Alchemy Elixir,₹1.30 Cr ,3 BHK,Bangalore,1342,Unfurnished
Purva Silversky,₹2.60 Cr ,3 BHK,Bangalore,1850,Unfurnished
Meridian Park at The Prestige City,₹2.35 Cr ,3 BHK,Bangalore,1868,Unfurnished
Roach Cicada,₹4.32 Cr ,4 BHK,Bangalore,2954,Unfurnished
NVT A Wonderful World Phase I,₹3.99 Cr ,4 BHK,Bangalore,2368,Unfurnished
Lodha Haven,₹5.35 Cr ,4 BHK,Bangalore,2400,Unfurnished
Aspen Greens At The Prestige City,₹6.83 Cr ,4 BHK,Bangalore,2411,Unfurnished
Nambiar District 25,₹3.09 Cr ,4 BHK,Bangalore,2512,Unfurnished
Sobha Infinia Phase 2,₹3.89 Cr ,3 BHK,Bangalore,1273,Unfurnished
Mana Jardin Neo,₹10.56 Cr ,5 BHK,Bangalore,7161,Unfurnished
Prestige Smart City,₹7.19 Cr ,4 BHK,Bangalore,3593,Unfurnished
Aspen Greens At The Prestige City,₹6.87 Cr ,4 BHK,Bangalore,2428,Unfurnished
Mana Dale,₹2.34 Cr ,4 BHK,Bangalore,2145,Unfurnished
Sobha Madison Heights Townpark Phase 1 W5 To 7,₹1.75 Cr ,2 BHK,Bangalore,1240,Unfurnished
DSR The Courtyard,₹1.71 Cr ,3 BHK,Bangalore,1608,Unfurnished
Urbanrise Paradise On Earth,₹5.03 Cr ,5 BHK,Bangalore,2725,Unfurnished
NVT Symphony of Orchards,₹5.28 Cr ,4 BHK,Bangalore,3519,Unfurnished
Trendsquares Synergy,₹1.61 Cr ,4 BHK,Bangalore,1715,Unfurnished
Eaton Park at The Prestige City,₹3.15 Cr ,4 BHK,Bangalore,2492,Unfurnished
,₹4.68 Cr ,4 BHK,Bangalore,3115,Unfurnished
Sumadhura Solace,₹3.78 Cr ,4 BHK,Bangalore,2270,Unfurnished
HM Grandeur,₹7.57 Cr ,3 BHK,Bangalore,3096,Unfurnished
Prestige North Point,₹2.44 Cr ,2 BHK,Bangalore,1253,Unfurnished
Heriitage Signature,₹2.39 Cr ,3 BHK,Bangalore,2275,Unfurnished
Sumadhura Solace,₹3.78 Cr ,4 BHK,Bangalore,2270,Unfurnished
DNR Arista,₹3.62 Cr ,4 BHK,Bangalore,2025,Unfurnished
Phoenix Kessaku,₹26.89 Cr ,4 BHK,Bangalore,6559,Unfurnished
Sumadhura Solace,₹4.47 Cr ,4 BHK,Bangalore,2720,Unfurnished
Adarsh Lakefront,₹4.24 Cr ,3 BHK,Bangalore,1639,Unfurnished
Century Mirai Phase I,₹4.86 Cr ,4 BHK,Bangalore,3115,Unfurnished
Sobha Rajvilas,₹4.14 Cr ,3 BHK,Bangalore,1982,Unfurnished
Assetz 63 Degree East,₹138.73 Cr ,2 BHK,Bangalore,1159,Unfurnished
TVS Emerald Cascadia,₹15.23 Cr ,4 BHK,Bangalore,5244,Unfurnished
Sumadhura Solace,₹3.78 Cr ,4 BHK,Bangalore,2270,Unfurnished
Sobha Rajvilas,₹4.53 Cr ,4 BHK,Bangalore,2171,Unfurnished
Adarsh Lakefront,₹2.46 Cr ,2 BHK,Bangalore,882,Unfurnished
Puravankara Orient Grand,₹8.75 Cr ,4 BHK,Bangalore,3320,Unfurnished
Sumadhura Solace,₹3.78 Cr ,4 BHK,Bangalore,2270,Unfurnished
Adarsh Lakefront,₹4.24 Cr ,3 BHK,Bangalore,1639,Unfurnished
,₹4.43 Cr ,4 BHK,Bangalore,2567,Unfurnished
,₹1.84 Cr ,3 BHK,Bangalore,1290,Unfurnished
Shapoorji Pallonji Parkwest Phase 2,₹1.95 Cr ,2 BHK,Bangalore,1018,Furnished
Indraprastha Schon,₹26 Cr ,4 BHK,Bangalore,7057,Furnished
Assetz 63 Degree East,₹3.10 Cr ,4 BHK,Bangalore,1523,Unfurnished
,₹3.11 Cr ,3 BHK,Bangalore,2099,Unfurnished
Hiranandani Bannerghatta,₹2.30 Cr ,3 BHK,Bangalore,1100,Furnished
Prestige Kenilworth,₹14.49 Cr ,4 BHK,Bangalore,2800,Unfurnished
Phoenix Kessaku,₹9.01 Cr ,4 BHK,Bangalore,3900,Unfurnished
Orchid Lakeview,₹1.80 Cr ,2 BHK,Bangalore,1281,Furnished
Stephens Enclave,₹1.90 Cr ,3 BHK,Bangalore,1560,Furnished
,₹8 Cr ,3 BHK,Bangalore,2800,Unfurnished
,₹13 Cr ,4 BHK,Bangalore,5034,Furnished
,₹2.35 Cr ,2 BHK,Bangalore,900,Furnished
,₹44.4 Lac ,,Bangalore,1200,
,₹3.80 Cr ,4 BHK,Bangalore,3600,Furnished
,₹6.50 Cr ,2 BHK,Bangalore,1200,Furnished
,₹1.90 Cr ,3 BHK,Bangalore,1560,Furnished
,₹27.9 Lac ,,Bangalore,1074,
,₹2.60 Cr ,,Bangalore,1300,
,₹8.50 Cr ,3 BHK,Bangalore,2923,Furnished
,₹1.30 Cr ,3 BHK,Bangalore,1700,Furnished
,₹2 Cr ,3 BHK,Bangalore,1500,Furnished
rafeeq enclave,₹1.25 Cr ,2 BHK,Bangalore,1000,Furnished
,₹6.30 Cr ,2 BHK,Bangalore,2376,Unfurnished
,₹49 Lac ,,Bangalore,1500,
,₹2.20 Cr ,3 BHK,Bangalore,2000,Furnished
,₹8.50 Cr ,6 BHK,Bangalore,2923,Furnished
,₹1.20 Cr ,3 BHK,Bangalore,2000,Unfurnished
Aswan Ventures The Courtyard Square,₹2.49 Cr ,3 BHK,Bangalore,1595,Furnished
,₹45 Lac ,,Bangalore,13500,
,₹9 Cr ,,Bangalore,4650,
,₹42 Lac ,,Bangalore,10800,
,₹50 Lac ,,Bangalore,1500,
,₹1.09 Cr ,2 BHK,Bangalore,900,Unfurnished
,₹30 Lac ,,Bangalore,1200,
Aakruthi Natureville,₹58 Lac ,,Bangalore,2400,
Embassy Oasis,₹12.50 Cr ,4 BHK,Bangalore,4084,Furnished
,₹35 Lac ,2 BHK,Bangalore,1000,Furnished
,₹1.15 Cr ,5 BHK,Bangalore,600,Unfurnished
,₹1.69 Cr ,3 BHK,Bangalore,1754,Unfurnished
Godrej Aveline,₹4.50 Cr ,4 BHK,Bangalore,2500,Unfurnished
Vajram Vivera,₹3.29 Cr ,4 BHK,Bangalore,2406,Unfurnished
Northern Lights by Puravankara KVN,₹4.62 Cr ,4 BHK,Bangalore,4131,Unfurnished
TVS Emerald Auralis,₹2.16 Cr ,3 BHK,Bangalore,1793,Unfurnished
Godrej Aveline,₹4.50 Cr ,4 BHK,Bangalore,2500,Unfurnished
CKPC Winds of Change,₹1.19 Cr ,2 BHK,Bangalore,1219,Unfurnished
Aratt Alchemy Essence,₹1.69 Cr ,3 BHK,Bangalore,1754,Unfurnished
Bricks and Milestones Solcrest,₹2.15 Cr ,4 BHK,Bangalore,2200,Unfurnished
Down By The Water,₹14.60 Cr ,4 BHK,Bangalore,6480,Unfurnished
Down By The Water,₹11.24 Cr ,4 BHK,Bangalore,4980,Unfurnished
Bricks and Milestones Solcrest,₹2.15 Cr ,4 BHK,Bangalore,2200,Unfurnished
Godrej Aveline,₹4.50 Cr ,4 BHK,Bangalore,2500,Unfurnished
Kolte Patil Lakeside 24,₹1.46 Cr ,3 BHK,Bangalore,1574,Unfurnished
Northern Lights by Puravankara KVN,₹2.23 Cr ,3 BHK,Bangalore,1962,Unfurnished
CKPC Winds of Change,₹1.17 Cr ,2 BHK,Bangalore,1206,Unfurnished
Adarsh Palm Acres,₹5.67 Cr ,4 BHK,Bangalore,3375,Unfurnished
Godrej Aveline,₹4.50 Cr ,4 BHK,Bangalore,2500,Unfurnished
AJMERA MARINA,₹1.69 Cr ,3 BHK,Bangalore,1600,Unfurnished
Godrej Aveline,₹3.42 Cr ,3 BHK,Bangalore,1900,Unfurnished
Northern Lights by Puravankara KVN,₹4.62 Cr ,4 BHK,Bangalore,4131,Unfurnished
Bhartiya Garden Estate ,₹2.93 Cr ,4 BHK,Bangalore,1651,Unfurnished
Godrej Aveline,₹4.50 Cr ,4 BHK,Bangalore,2500,Unfurnished
Assetz Zen and Sato,₹3.90 Cr ,4 BHK,Bangalore,2955,Unfurnished
Assetz Soho & Sky,₹2.63 Cr ,3 BHK,Bangalore,1339,Unfurnished
SNN Clermont,₹5.39 Cr ,4 BHK,Bangalore,3210,Unfurnished
Godrej Aveline,₹4.50 Cr ,4 BHK,Bangalore,2500,Unfurnished
CKPC Winds of Change,₹91 Lac ,1 BHK,Bangalore,916,Unfurnished
Northern Lights by Puravankara KVN,₹4.50 Cr ,4 BHK,Bangalore,4017,Unfurnished
Godrej Aveline,₹4.50 Cr ,4 BHK,Bangalore,2500,Unfurnished
,₹8.45 Cr ,4 BHK,Gurgaon,1842,Unfurnished
,₹6.60 Cr ,3 BHK,Gurgaon,1385,Unfurnished
Trevoc Royal Residences,₹8.45 Cr ,4 BHK,Gurgaon,1842,Unfurnished
Trevoc Royal Residences,₹6.60 Cr ,3 BHK,Gurgaon,1385,Unfurnished
Trevoc Royal Residences,₹8.45 Cr ,4 BHK,Gurgaon,1842,Unfurnished
Trevoc Royal Residences,₹6.60 Cr ,3 BHK,Gurgaon,1385,Unfurnished
Trevoc Royal Residences,₹8.45 Cr ,4 BHK,Gurgaon,1842,Unfurnished
Trevoc Royal Residences,₹6.60 Cr ,3 BHK,Gurgaon,1385,Unfurnished
Trevoc Royal Residences,₹8.45 Cr ,4 BHK,Gurgaon,1842,Unfurnished
Trevoc Royal Residences,₹6.60 Cr ,3 BHK,Gurgaon,1385,Unfurnished
Trevoc Royal Residences,₹8.45 Cr ,4 BHK,Gurgaon,1842,Unfurnished
Trevoc Royal Residences,₹6.60 Cr ,3 BHK,Gurgaon,1385,Unfurnished
Technograd Society,₹2.35 Cr ,3 BHK,Gurgaon,1950,Furnished
Ansal Project Sushant Lok 2,₹3.10 Cr ,4 BHK,Gurgaon,2000,Furnished
Ansal Project Sushant Lok 2,₹3.50 Cr ,4 BHK,Gurgaon,2400,Furnished
,₹4.99 Cr ,4 BHK,Gurgaon,4500,Furnished
MNB Ananta Vilasa,₹6.80 Cr ,4 BHK,Gurgaon,2800,Furnished
,₹3.79 Cr ,4 BHK,Gurgaon,2400,Furnished
Luxury Floors,₹4.50 Cr ,4 BHK,Gurgaon,3200,Unfurnished
Ansal Project Sushant Lok 2,₹7.10 Cr ,,Gurgaon,300,
,₹2.95 Cr ,3 BHK,Gurgaon,1700,Unfurnished
Madhur Jivan Apartment,₹2.85 Cr ,4 BHK,Gurgaon,2100,Unfurnished
Skyland Apartments,₹2.95 Cr ,3 BHK,Gurgaon,2349,Furnished
Antriksh Royal Palm Apartments,₹1.50 Cr ,2 BHK,Gurgaon,900,Furnished
Ansal Project Sushant Lok 2,₹12.51 Cr ,,Gurgaon,502,
Park Royal Apartment,₹3.05 Cr ,3 BHK,Gurgaon,2000,Furnished
,₹2.45 Cr ,3 BHK,Gurgaon,1650,Furnished
,₹5.05 Cr ,3 BHK,Gurgaon,1150,Furnished
,₹4.95 Cr ,3 BHK,Gurgaon,1150,Furnished
,₹4.95 Cr ,4 BHK,Gurgaon,3350,Furnished
,₹1.97 Cr ,3 BHK,Gurgaon,1550,Unfurnished
,₹3.65 Cr ,3 BHK,Gurgaon,2695,Unfurnished
,₹2.73 Cr ,4 BHK,Delhi,1146,Unfurnished
,₹2.85 Cr ,3 BHK,Delhi,1000,Unfurnished
,₹3.74 Cr ,4 BHK,Gurgaon,2600,Unfurnished
,₹5.78 Cr ,3 BHK,Gurgaon,2700,Unfurnished
Conscient Elevate,₹8.13 Cr ,4 BHK,Gurgaon,1855,Unfurnished
Adani Samsara Avasa,₹4.25 Cr ,4 BHK,Gurgaon,310,Unfurnished
,₹1.98 Cr ,3 BHK,Gurgaon,1000,Unfurnished
Gurgaon Luxury Floors,₹3.50 Cr ,4 BHK,Gurgaon,2800,Unfurnished
DLF The Arbour,₹10.01 Cr ,4 BHK,Gurgaon,3956,Unfurnished
Indiabulls Centrum Park,₹3.01 Cr ,4 BHK,Gurgaon,2875,Unfurnished
Elan Imperial,₹3.80 Cr ,,Gurgaon,1200,
Max Estate 360,₹7.05 Cr ,4 BHK,Gurgaon,1899,Unfurnished
Signature Global City 92,₹1.10 Cr ,2 BHK,Gurgaon,1050,Unfurnished
Smartworld One DXP,₹4.45 Cr ,3 BHK,Gurgaon,2585,Unfurnished
Signature Global Sarvam at DXP Estate,₹2.85 Cr ,3 BHK,Delhi,1840,Unfurnished
Signature The Roselia,₹60 Lac ,2 BHK,Gurgaon,569,Unfurnished
,₹2.25 Cr ,3 BHK,Gurgaon,967,Unfurnished
SRS Luxury Floors,₹6.25 Cr ,5 BHK,Gurgaon,5200,Unfurnished
Signature Global Cloverdale SPR,₹5.14 Cr ,3 BHK,Gurgaon,2780,Unfurnished
Central Park Flamingo Floors,₹2.45 Cr ,3 BHK,Gurgaon,2559,Unfurnished
TARC Ishva,₹10.31 Cr ,4 BHK,Gurgaon,2157,Unfurnished
DLF Regal Gardens,₹2.74 Cr ,3 BHK,Gurgaon,2251,Unfurnished
Signature Global Daxin Vistas,₹1.97 Cr ,3 BHK,Gurgaon,1550,Unfurnished
DLF The Arbour,₹10.01 Cr ,4 BHK,Gurgaon,3956,Unfurnished
M3M Capital,₹2.75 Cr ,3 BHK,Gurgaon,1695,Unfurnished
Ireo The Corridors,₹2.20 Cr ,2 BHK,Gurgaon,1296,Unfurnished
DLF Garden City The Primus,₹4.32 Cr ,4 BHK,Gurgaon,2695,Unfurnished
DLF Camellias,₹73.41 Cr ,4 BHK,Gurgaon,7196,Unfurnished
Alpha Gurgaon One,₹1.40 Cr ,2 BHK,Gurgaon,1181,Unfurnished
Alpha Gurgaon One,₹1.38 Cr ,2 BHK,Gurgaon,1010,Furnished
Alpha Gurgaon One,₹1.52 Cr ,2 BHK,Gurgaon,1270,Furnished
Alpha Corp Gurgaon One ,₹5.56 Cr ,2 BHK,Gurgaon,900,Furnished
Alpha Gurgaon One,₹2.40 Cr ,3 BHK,Gurgaon,1826,Furnished
Alpha Corp Gurgaon One ,₹5.50 Cr ,3 BHK,Gurgaon,2200,Furnished
Alpha Gurgaon One,₹1.80 Cr ,2 BHK,Gurgaon,1270,Furnished
Alpha Corp Gurgaon One ,₹13.50 Cr ,4 BHK,Gurgaon,4762,Unfurnished
,₹2.28 Cr ,3 BHK,Gurgaon,2250,Unfurnished
,₹1.92 Cr ,3 BHK,Gurgaon,1890,Unfurnished
,₹1.78 Cr ,3 BHK,Gurgaon,1750,Unfurnished
,₹1.44 Cr ,2 BHK,Gurgaon,1425,Unfurnished
Elan Miracle,₹3.75 Cr ,,Gurgaon,1500,
Elan Miracle,₹1.15 Cr ,,Gurgaon,400,
Elan Miracle,₹1.05 Cr ,,Gurgaon,350,
Elan Miracle,₹1.40 Cr ,,Gurgaon,500,
SS Linden Floors,₹3.40 Cr ,4 BHK,Gurgaon,3761,Unfurnished
SS Linden Floors,₹3.85 Cr ,4 BHK,Gurgaon,4392,Unfurnished
SS Linden Floors,₹3.60 Cr ,5 BHK,Gurgaon,3240,Unfurnished
SS Linden Floors,₹2.65 Cr ,4 BHK,Gurgaon,2637,Unfurnished
SS Linden Floors,₹2.60 Cr ,4 BHK,Gurgaon,2682,Unfurnished
SS Linden Floors,₹3.75 Cr ,4 BHK,Gurgaon,4140,Unfurnished
Elan Miracle,₹3.75 Cr ,,Gurgaon,1500,
SS Linden Floors,₹3.40 Cr ,4 BHK,Gurgaon,3761,Unfurnished
SS Linden Floors,₹3.85 Cr ,4 BHK,Gurgaon,4392,Unfurnished
SS Linden Floors,₹3.75 Cr ,4 BHK,Gurgaon,4140,Unfurnished
SS Linden Floors,₹3.60 Cr ,5 BHK,Gurgaon,3240,Unfurnished
SS Linden Floors,₹2.65 Cr ,4 BHK,Gurgaon,2637,Unfurnished
SS Linden Floors,₹2.60 Cr ,4 BHK,Gurgaon,2682,Unfurnished
SS Linden Floors,₹3.40 Cr ,4 BHK,Gurgaon,3761,Unfurnished
Elan Miracle,₹3.75 Cr ,,Gurgaon,1500,
Elan Miracle,₹1.15 Cr ,,Gurgaon,400,
Elan Miracle,₹1.05 Cr ,,Gurgaon,350,
Elan Miracle,₹1.40 Cr ,,Gurgaon,500,
Lamose Gratitude 84,₹2.32 Cr ,3 BHK,Gurgaon,1635,Unfurnished
Lamose Gratitude 84,₹2.32 Cr ,3 BHK,Gurgaon,1635,Unfurnished
Lamose Gratitude 84,₹2.32 Cr ,3 BHK,Gurgaon,1635,Unfurnished
SS Linden Floors,₹3.40 Cr ,4 BHK,Gurgaon,3761,Unfurnished
F Residences Merlin,₹1.76 Cr ,4 BHK,Kolkata,1340,Unfurnished
F Residences Merlin,₹1.76 Cr ,4 BHK,Kolkata,1340,Unfurnished
SRIPSK Palladina,₹4.69 Cr ,4 BHK,Kolkata,3350,Unfurnished
Shriram Grand City,₹47.4 Lac ,3 BHK,Kolkata,1121,Unfurnished
Siddha Suburbia,₹44.9 Lac ,2 BHK,Kolkata,920,Unfurnished
Bengal RBM The Preserve,₹72 Lac ,2 BHK,Kolkata,548,Unfurnished
SKDJ Nidhara,₹4.08 Cr ,5 BHK,Kolkata,3627,Unfurnished
Siddha Serena,₹1.01 Cr ,3 BHK,Kolkata,1030,Unfurnished
Anandvann,₹88.6 Lac ,2 BHK,Kolkata,582,Unfurnished
Merlin Serenia,₹1.28 Cr ,4 BHK,Kolkata,1407,Unfurnished
Morya Phase 2,₹2.90 Cr ,4 BHK,Kolkata,1688,Unfurnished
DTC Still Waters,₹1.48 Cr ,4 BHK,Kolkata,2030,Unfurnished
Srijan Eternia,₹72.4 Lac ,3 BHK,Kolkata,821,Unfurnished
DTC Downtown Phase 1,₹96 Lac ,3 BHK,Kolkata,914,Unfurnished
Oiendrila Moni Sunrise,₹54.4 Lac ,3 BHK,Kolkata,1108,Unfurnished
F Residences Merlin,₹1.76 Cr ,4 BHK,Kolkata,1340,Unfurnished
Eden Willow Estate,₹44.4 Lac ,3 BHK,Kolkata,662,Unfurnished
Anantmani,₹4.48 Cr ,4 BHK,Kolkata,3181,Unfurnished
Navyug Magnolia,₹4.33 Cr ,3 BHK,Kolkata,3008,Unfurnished
Pravya,₹1.77 Cr ,4 BHK,Kolkata,2143,Unfurnished
DTC Sojon,₹52.2 Lac ,2 BHK,Kolkata,960,Unfurnished
Srijan Optima,₹61.2 Lac ,2 BHK,Kolkata,922,Unfurnished
Merlin Rise Sports Republic Phase 1 A,₹94.2 Lac ,2 BHK,Kolkata,970,Unfurnished
Sugam Urban Lakes Phase II,₹80 Lac ,4 BHK,Kolkata,1579,Unfurnished
Godrej Elevate at Godrej Seven,₹88.8 Lac ,3 BHK,Kolkata,888,Unfurnished
,₹69.3 Lac ,3 BHK,Kolkata,1284,Unfurnished
,₹1.10 Cr ,4 BHK,Kolkata,1650,Unfurnished
,₹1.89 Cr ,4 BHK,Kolkata,1215,Unfurnished
,₹56.7 Lac ,3 BHK,Kolkata,1261,Unfurnished
,₹71.7 Lac ,3 BHK,Kolkata,1268,Unfurnished
Godrej Blue,₹3.75 Cr ,4 BHK,Kolkata,2514,Unfurnished
SRIPSK Palladina,₹4.69 Cr ,4 BHK,Kolkata,3350,Unfurnished
Siddha Suburbia,₹44.9 Lac ,2 BHK,Kolkata,920,Unfurnished
SKDJ Nidhara,₹2.46 Cr ,3 BHK,Kolkata,2189,Unfurnished
SKDJ Nidhara,₹4.08 Cr ,5 BHK,Kolkata,3627,Unfurnished
Merlin Avana,₹97.2 Lac ,3 BHK,Kolkata,1028,Unfurnished
Morya Phase 2,₹2.90 Cr ,4 BHK,Kolkata,1688,Unfurnished
Ruchi Angelica Towers at Active Acres,₹1.40 Cr ,4 BHK,Kolkata,1604,Unfurnished
Khaitan Prudent Gokulam,₹63.6 Lac ,3 BHK,Kolkata,848,Unfurnished
Oiendrila Moni Sunrise,₹54.4 Lac ,3 BHK,Kolkata,1108,Unfurnished
Godrej Elevate at Godrej Seven,₹88.8 Lac ,3 BHK,Kolkata,888,Unfurnished
Eden Willow Estate,₹44.4 Lac ,3 BHK,Kolkata,662,Unfurnished
SRIPSK Palladina,₹6.95 Cr ,4 BHK,Kolkata,4965,Unfurnished
Navyug Magnolia,₹4.33 Cr ,3 BHK,Kolkata,3008,Unfurnished
DTC Sojon,₹52.2 Lac ,2 BHK,Kolkata,960,Unfurnished
Godrej Elevate at Godrej Seven,₹88.8 Lac ,3 BHK,Kolkata,888,Unfurnished
Godrej Elevate at Godrej Seven,₹88.8 Lac ,3 BHK,Kolkata,888,Unfurnished
,₹71.7 Lac ,3 BHK,Kolkata,1268,Unfurnished
South City,₹2.75 Cr ,3 BHK,Kolkata,1239,Furnished
Upohar The Condoville,₹1.60 Cr ,3 BHK,Kolkata,1843,Furnished
Hiland Park,₹1 Cr ,3 BHK,Kolkata,1264,Furnished
South City,₹4 Cr ,3 BHK,Kolkata,1954,Furnished
Sugam Park,₹65 Lac ,3 BHK,Kolkata,1470,Unfurnished
Mani Megh Mani,₹3.15 Cr ,3 BHK,Kolkata,1734,Furnished
Bengal Peerless Avidipta Phase 2,₹65 Lac ,2 BHK,Kolkata,698,Unfurnished
,₹1.17 Cr ,4 BHK,Kolkata,2442,Unfurnished
,₹41.3 Lac ,3 BHK,Kolkata,1095,Unfurnished
Diamond City South,₹1.12 Cr ,3 BHK,Kolkata,1100,Unfurnished
Bengal Peerless Avidipta,₹2 Cr ,3 BHK,Kolkata,1430,Unfurnished
,₹1.25 Cr ,4 BHK,Kolkata,1973,Unfurnished
Vinayak Amara,₹2.47 Cr ,4 BHK,Kolkata,1516,Unfurnished
Srijan Town Square,₹4.07 Cr ,4 BHK,Kolkata,2979,Unfurnished
DTC Still Waters,₹1.54 Cr ,4 BHK,Kolkata,2030,Unfurnished
PS Vaanya,₹3.27 Cr ,4 BHK,Kolkata,2185,Unfurnished
DTC Still Waters,₹1.48 Cr ,4 BHK,Kolkata,2030,Unfurnished
Siom Mani Casa 2,₹1.82 Cr ,3 BHK,Kolkata,1166,Unfurnished
Siom Mani Casa 2,₹1.82 Cr ,3 BHK,Kolkata,1166,Unfurnished
DTC Still Waters,₹88 Lac ,3 BHK,Kolkata,1160,Unfurnished
Srijan Town Square,₹2.75 Cr ,3 BHK,Kolkata,2017,Unfurnished
Ambuja Urvisha The Condoville,₹2.32 Cr ,3 BHK,Kolkata,1717,Unfurnished
PS Vaanya,₹3.25 Cr ,4 BHK,Kolkata,2185,Unfurnished
,₹1.10 Cr ,4 BHK,Kolkata,1650,Unfurnished
,₹85.5 Lac ,3 BHK,Kolkata,1110,Unfurnished
,₹54.9 Lac ,2 BHK,Kolkata,997,Unfurnished
Imagine Techpark,₹2.40 Cr ,,Kolkata,1600,
,₹4.50 Cr ,5 BHK,Kolkata,4000,Furnished
,₹27.8 Lac ,2 BHK,Kolkata,795,Unfurnished
Mani Casa,₹1.30 Cr ,2 BHK,Kolkata,880,Unfurnished
DTC Still Waters,₹1.55 Cr ,3 BHK,Kolkata,1160,Unfurnished
Alaktika Complex,₹1.60 Cr ,4 BHK,Kolkata,2238,Unfurnished
,₹1.40 Cr ,,Kolkata,840,
Mani Casadona,₹3 Cr ,,Kolkata,3238,
Ambuja Urvisha The Condoville,₹2.60 Cr ,3 BHK,Kolkata,1299,Unfurnished
Vinayak Amara,₹2.39 Cr ,4 BHK,Kolkata,1516,Unfurnished
Bengal Urbana Phase 2,₹7.50 Cr ,4 BHK,Kolkata,2846,Unfurnished
Pasari and Deepam Marinas Edge,₹3.25 Cr ,3 BHK,Kolkata,1509,Unfurnished
Ambuja Urvisha The Condoville,₹2.55 Cr ,3 BHK,Kolkata,1717,Furnished
,₹3.20 Cr ,4 BHK,Kolkata,2917,Unfurnished
PS Vaanya,₹5.60 Cr ,5 BHK,Kolkata,4400,Unfurnished
Srijan Town Square,₹3.75 Cr ,4 BHK,Kolkata,2703,Unfurnished
Sun Skyview,₹72.7 Lac ,3 BHK,Ahmedabad,931,Unfurnished
Safal Riviera Aspire,₹1.64 Cr ,3 BHK,Ahmedabad,1507,Unfurnished
Planet,₹73.1 Lac ,3 BHK,Ahmedabad,968,Unfurnished
Riviera Majestica,₹3.02 Cr ,5 BHK,Ahmedabad,2772,Unfurnished
Vishwanath Maher Select,₹85 Lac ,3 BHK,Ahmedabad,952,Unfurnished
Turquoise Rosedale,₹75 Lac ,3 BHK,Ahmedabad,856,Unfurnished
Riviera Majestica,₹3.02 Cr ,5 BHK,Ahmedabad,2772,Unfurnished
Safal Niwa,₹79.3 Lac ,3 BHK,Ahmedabad,862,Unfurnished
Safal Niwa,₹1.50 Cr ,4 BHK,Ahmedabad,1452,Unfurnished
Riviera Majestica,₹3.02 Cr ,5 BHK,Ahmedabad,2772,Unfurnished
Vishwanath Maher Select,₹85 Lac ,3 BHK,Ahmedabad,952,Unfurnished
Safal Niwa,₹1.50 Cr ,4 BHK,Ahmedabad,1452,Unfurnished
,₹81.1 Lac ,3 BHK,Ahmedabad,1700,Unfurnished
,₹73.1 Lac ,3 BHK,Ahmedabad,822,Unfurnished
Riviera Majestica,₹2.27 Cr ,4 BHK,Ahmedabad,1858,Unfurnished
Armonia Sky,₹51 Lac ,2 BHK,Ahmedabad,1390,Unfurnished
Riviera Palacio,₹4.59 Cr ,4 BHK,Ahmedabad,3815,Unfurnished
Swati Trinity,₹8.22 Cr ,,Ahmedabad,8951,
Orchid Valley,₹68.4 Lac ,,Ahmedabad,472,
Aravalli By Ratnaakar,₹9.75 Cr ,4 BHK,Ahmedabad,855,Unfurnished
Safal Riviera Aspire,₹2.35 Cr ,3 BHK,Ahmedabad,1611,Furnished
Safal Niwa,₹1.46 Cr ,4 BHK,Ahmedabad,1558,Unfurnished
Safal Riviera Aspire,₹3.20 Cr ,4 BHK,Ahmedabad,2738,Unfurnished
Shilp Revanta,₹60.4 Lac ,3 BHK,Ahmedabad,1510,Unfurnished
,₹1.43 Cr ,3 BHK,Ahmedabad,2645,Unfurnished
Vraj Garden,₹7.15 Cr ,,Ahmedabad,8586,
Goyal Riviera Elite,₹2.93 Cr ,4 BHK,Ahmedabad,2052,Unfurnished
Turquoise Greenz,₹79 Lac ,3 BHK,Ahmedabad,1700,Unfurnished
Green Legacy,₹87 Lac ,3 BHK,Ahmedabad,1850,Unfurnished
Turquoise Rosedale,₹75 Lac ,3 BHK,Ahmedabad,856,Unfurnished
,₹64.6 Lac ,2 BHK,Chennai,993,Unfurnished
,₹1.45 Cr ,3 BHK,Chennai,1609,Unfurnished
DRA Infinique,₹2.40 Cr ,4 BHK,Chennai,2058,Unfurnished
Prestige Pallava Gardens,₹1.75 Cr ,3 BHK,Chennai,1018,Unfurnished
Sameera Elite Garden,₹1.51 Cr ,,Chennai,1888,
Radiance Eternity,₹3.37 Cr ,4 BHK,Chennai,2711,Unfurnished
Sameera New Vision Township,₹1.41 Cr ,,Chennai,2666,
The World Of Joy,₹70.1 Lac ,3 BHK,Chennai,635,Unfurnished
Casagrand Avenue Park,₹1.97 Cr ,3 BHK,Chennai,2104,Unfurnished
Gnanasundaram Kokilam,₹1.29 Cr ,3 BHK,Chennai,1357,Unfurnished
Brigade Altius,₹6.91 Cr ,4 BHK,Chennai,5054,Unfurnished
TVS Emerald Verde Vista,₹1.08 Cr ,3 BHK,Chennai,1200,Unfurnished
Prestige Pallava Gardens,₹1.75 Cr ,3 BHK,Chennai,1018,Unfurnished
VR Fortuna,₹36 Lac ,,Chennai,800,
Shriram 122 West,₹77.8 Lac ,3 BHK,Chennai,1157,Unfurnished
Urbanrise The Lakes Edge,₹96.1 Lac ,2 BHK,Chennai,1160,Unfurnished
Budget Aadhavan Garden,₹32.9 Lac ,,Chennai,1566,
Urbanrise Whispers of Sky,₹1.82 Cr ,4 BHK,Chennai,1063,Unfurnished
Quoins White Town Villas,₹1.24 Cr ,4 BHK,Chennai,1780,Unfurnished
Brigade Altius,₹2.54 Cr ,3 BHK,Chennai,1857,Unfurnished
Rohaan Daisy Garden,₹82.7 Lac ,3 BHK,Chennai,1088,Unfurnished
Provident Bayscape,₹89.6 Lac ,3 BHK,Chennai,1400,Unfurnished
DRA 90 Degrees,₹1.15 Cr ,2 BHK,Chennai,1068,Unfurnished
,₹67 Lac ,,Chennai,2400,
,₹1.77 Cr ,3 BHK,Chennai,1364,Unfurnished
,₹55.4 Lac ,,Chennai,1045,
,₹38.5 Lac ,2 BHK,Chennai,573,Unfurnished
,₹1.32 Cr ,3 BHK,Chennai,1700,Unfurnished
,₹48.8 Lac ,2 BHK,Chennai,878,Unfurnished
,₹38 Lac ,2 BHK,Chennai,575,Unfurnished
,₹64.6 Lac ,2 BHK,Chennai,993,Unfurnished
NCC Urban Ivy Towers,₹1.67 Cr ,3 BHK,Chennai,1203,Unfurnished
Prestige Pallava Gardens,₹1.75 Cr ,3 BHK,Chennai,1018,Unfurnished
Radiance Eternity,₹3.37 Cr ,4 BHK,Chennai,2711,Unfurnished
Sameera New Vision Township,₹1.41 Cr ,,Chennai,2666,
The World Of Joy,₹70.1 Lac ,3 BHK,Chennai,635,Unfurnished
Casagrand Avenue Park,₹1.97 Cr ,3 BHK,Chennai,2104,Unfurnished
Gnanasundaram Kokilam,₹1.29 Cr ,3 BHK,Chennai,1357,Unfurnished
Brigade Altius,₹6.91 Cr ,4 BHK,Chennai,5054,Unfurnished
TVS Emerald Verde Vista,₹1.08 Cr ,3 BHK,Chennai,1200,Unfurnished
Prestige Pallava Gardens,₹1.75 Cr ,3 BHK,Chennai,1018,Unfurnished
Godrej Azure,₹2.16 Cr ,4 BHK,Chennai,2720,Unfurnished
Urbanrise Whispers of Sky,₹1.82 Cr ,4 BHK,Chennai,1063,Unfurnished
Quoins White Town Villas,₹1.24 Cr ,4 BHK,Chennai,1780,Unfurnished
Brigade Altius,₹2.54 Cr ,3 BHK,Chennai,1857,Unfurnished
Rohaan Daisy Garden,₹82.7 Lac ,3 BHK,Chennai,1088,Unfurnished
Provident Bayscape,₹89.6 Lac ,3 BHK,Chennai,1400,Unfurnished
DRA 90 Degrees,₹1.15 Cr ,2 BHK,Chennai,1068,Unfurnished
,₹1.76 Cr ,3 BHK,Chennai,1354,Unfurnished
,₹1.24 Cr ,2 BHK,Chennai,910,Furnished
,₹1.32 Cr ,3 BHK,Chennai,1700,Unfurnished
,₹57.4 Lac ,3 BHK,Chennai,1127,Unfurnished
,₹1.82 Cr ,3 BHK,Chennai,1063,Unfurnished
,₹2.06 Cr ,3 BHK,Chennai,3643,Unfurnished
,₹1.41 Cr ,,Chennai,2028,
,₹90 Lac ,3 BHK,Chennai,1497,Unfurnished
,₹5.47 Cr ,3 BHK,Chennai,2066,Unfurnished
,₹1.60 Cr ,,Chennai,2800,
,₹60 Lac ,2 BHK,Chennai,1000,Unfurnished
,₹1.30 Cr ,3 BHK,Chennai,1535,Unfurnished
,₹4.75 Cr ,3 BHK,Chennai,2500,Furnished
Roohi Aswat,₹1 Cr ,2 BHK,Chennai,900,Furnished
,₹7.45 Cr ,3 BHK,Chennai,2485,Unfurnished
,₹6.97 Cr ,3 BHK,Chennai,2330,Unfurnished
,₹7.80 Cr ,3 BHK,Chennai,2500,Unfurnished
,₹2.85 Cr ,4 BHK,Chennai,1250,Unfurnished
,₹3.69 Cr ,3 BHK,Chennai,1832,Unfurnished
,₹2.85 Cr ,4 BHK,Chennai,1544,Unfurnished
,₹5.76 Cr ,3 BHK,Chennai,1572,Unfurnished
,₹2.72 Cr ,3 BHK,Chennai,920,Unfurnished
,₹3.49 Cr ,3 BHK,Chennai,1186,Unfurnished
BRIGADE ICON,₹7 Cr ,3 BHK,Chennai,1875,Unfurnished
BRIGADE ICON,₹7 Cr ,3 BHK,Chennai,1875,Unfurnished
BRIGADE ICON,₹7 Cr ,3 BHK,Chennai,1875,Unfurnished
BRIGADE ICON,₹7 Cr ,3 BHK,Chennai,1875,Unfurnished
BRIGADE ICON,₹7 Cr ,3 BHK,Chennai,1875,Unfurnished
BRIGADE ICON,₹7 Cr ,3 BHK,Chennai,1875,Unfurnished
BRIGADE ICON,₹7 Cr ,3 BHK,Chennai,1875,Unfurnished
BRIGADE ICON,₹7 Cr ,3 BHK,Chennai,1875,Unfurnished
BRIGADE ICON,₹7 Cr ,3 BHK,Chennai,1875,Unfurnished
BRIGADE ICON,₹7 Cr ,3 BHK,Chennai,1875,Unfurnished
BRIGADE ICON,₹7 Cr ,3 BHK,Chennai,1875,Unfurnished
Chitale  Amara Aneja,₹6.99 Cr ,4 BHK,Chennai,2413,Unfurnished
BRIGADE ICON,₹7 Cr ,3 BHK,Chennai,1875,Unfurnished
BRIGADE ICON,₹8.67 Cr ,4 BHK,Chennai,2290,Unfurnished
BRIGADE ICON,₹7 Cr ,3 BHK,Chennai,1875,Unfurnished
BRIGADE ICON,₹7 Cr ,3 BHK,Chennai,1875,Unfurnished
Chitale  Amara Aneja,₹6.99 Cr ,4 BHK,Chennai,2413,Unfurnished
Chitale  Amara Aneja,₹6.99 Cr ,4 BHK,Chennai,2413,Unfurnished
AR Amara Amethyst,₹10.85 Cr ,4 BHK,Chennai,3262,Unfurnished
TVS Emerald Luxor,₹4.23 Cr ,4 BHK,Chennai,2665,Unfurnished
EK The Arc,₹6.01 Cr ,4 BHK,Chennai,2981,Unfurnished
TVS Emerald Luxor,₹3.18 Cr ,3 BHK,Chennai,1999,Unfurnished
,₹4.49 Cr ,4 BHK,Chennai,2608,Unfurnished
,₹2.79 Cr ,2 BHK,Chennai,1389,Unfurnished
TVS Emerald Luxor,₹5.01 Cr ,4 BHK,Chennai,2601,Unfurnished
,₹2.75 Cr ,3 BHK,Chennai,1369,Unfurnished
TVS Emerald Luxor,₹2.62 Cr ,2 BHK,Chennai,1467,Unfurnished
Ankur Palm Springs,₹1.50 Cr ,3 BHK,Chennai,1584,Unfurnished
Newry Spring Residences,₹2.05 Cr ,3 BHK,Chennai,1283,Unfurnished
Tulive Viha,₹2.68 Cr ,4 BHK,Chennai,1800,Unfurnished
Newry Spring Residences,₹1.36 Cr ,2 BHK,Chennai,255,Unfurnished
TVS Emerald Luxor,₹7 Cr ,4 BHK,Chennai,3379,Unfurnished
,₹1.20 Cr ,2 BHK,Chennai,945,Unfurnished
,₹3 Cr ,3 BHK,Chennai,1300,Furnished
,₹2.52 Cr ,3 BHK,Chennai,997,Unfurnished
,₹4.84 Cr ,,Chennai,2000,
,₹2.35 Cr ,4 BHK,Chennai,1500,Unfurnished
,₹3.85 Cr ,4 BHK,Chennai,1700,Furnished
TVS Emerald Luxor,₹4.29 Cr ,4 BHK,Chennai,2601,Furnished
,₹4.24 Cr ,3 BHK,Chennai,1808,Unfurnished
,₹2.75 Cr ,3 BHK,Chennai,1029,Unfurnished
TVS Emerald Luxor,₹2.99 Cr ,3 BHK,Chennai,1474,Unfurnished
The Metrozone,₹2.75 Cr ,3 BHK,Chennai,2062,Unfurnished
,₹2.50 Cr ,3 BHK,Chennai,1540,Furnished
,₹2.65 Cr ,3 BHK,Chennai,1488,Furnished
Ramaniyam Manasa,₹3.50 Cr ,3 BHK,Chennai,1700,Furnished
Pavani North Star,₹608.31 Cr ,2 BHK,Chennai,700,Furnished
,₹3.20 Cr ,3 BHK,Chennai,1400,Unfurnished
,₹1.18 Cr ,2 BHK,Chennai,945,Unfurnished
,₹13.32 Cr ,,Hyderabad,7612,
AVR Evania,₹2.81 Cr ,3 BHK,Hyderabad,3315,Unfurnished
Brigade Enclave,₹3 Cr ,4 BHK,Hyderabad,2632,Unfurnished
JBs Serene County II,₹52 Lac ,,Hyderabad,1800,
Team4 Aria,₹1.66 Cr ,3 BHK,Hyderabad,2285,Unfurnished
Godrej Regal Pavilion,₹1.13 Cr ,2 BHK,Hyderabad,1351,Unfurnished
Pacifica Hillcrest Phase 2,₹2.30 Cr ,4 BHK,Hyderabad,1699,Unfurnished
Urbanrise Sky Habitat,₹1.89 Cr ,4 BHK,Hyderabad,2309,Unfurnished
Aspire Spaces Prestige Golden Grove,₹2.19 Cr ,4 BHK,Hyderabad,3013,Unfurnished
Altitudes By DSR,₹1.73 Cr ,3 BHK,Hyderabad,2278,Unfurnished
Myscape Songs of the Sun,₹3.47 Cr ,4 BHK,Hyderabad,2025,Unfurnished
Casagrand Evon,₹1.62 Cr ,3 BHK,Hyderabad,2140,Unfurnished
Vajra West City,₹3.21 Cr ,4 BHK,Hyderabad,4400,Unfurnished
,₹85.9 Lac ,3 BHK,Hyderabad,1702,Unfurnished
Nikhila Royal Pavilion,₹1.69 Cr ,4 BHK,Hyderabad,2695,Unfurnished
Svadha Mackennas,₹1.51 Cr ,3 BHK,Hyderabad,2330,Unfurnished
Fortune Suraj Bhan Grande,₹4.10 Cr ,4 BHK,Hyderabad,3910,Unfurnished
DSR The Classe,₹4.72 Cr ,4 BHK,Hyderabad,3939,Unfurnished
The Prestige City,₹90.8 Lac ,2 BHK,Hyderabad,1179,Unfurnished
Candeur Twins,₹1.60 Cr ,3 BHK,Hyderabad,2032,Unfurnished
Skymarq By DSR,₹6.27 Cr ,4 BHK,Hyderabad,5454,Unfurnished
Fortune Suraj Bhan Grande,₹4.55 Cr ,4 BHK,Hyderabad,4339,Unfurnished
Myscape Songs of the Sun,₹3.05 Cr ,3 BHK,Hyderabad,1732,Unfurnished
Altitudes By DSR,₹1.73 Cr ,3 BHK,Hyderabad,2277,Unfurnished
Rajapushpa Sierra,₹1.83 Cr ,3 BHK,Hyderabad,2555,Unfurnished
Regal Bliss Villas,₹1.62 Cr ,3 BHK,Hyderabad,2900,Unfurnished
Aparna Dharti,₹3.27 Cr ,,Hyderabad,7182,
AVLs Samskruthi,₹1.54 Cr ,3 BHK,Hyderabad,2210,Unfurnished
Suvarna Srinivasam II,₹66.8 Lac ,,Hyderabad,2403,
Bhuvana  Harmony Woods,₹1.25 Cr ,,Hyderabad,4500,
,₹33.35 Cr ,4 BHK,Hyderabad,8000,Furnished
DSR The World At Jubilee Hills,₹12.75 Cr ,5 BHK,Hyderabad,8499,Unfurnished
,₹2.25 Cr ,3 BHK,Hyderabad,2000,Furnished
,₹54 Cr ,,Hyderabad,13050,
,₹64 Cr ,,Hyderabad,18000,
,₹55 Cr ,6 BHK,Hyderabad,8500,Unfurnished
,₹8.50 Cr ,4 BHK,Hyderabad,4715,Furnished
Phoneix Halcyon,₹8.75 Cr ,4 BHK,Hyderabad,6358,Unfurnished
,₹18 Cr ,6 BHK,Hyderabad,7000,Furnished
,₹1.69 Cr ,3 BHK,Hyderabad,1529,Furnished
,₹47 Cr ,5 BHK,Hyderabad,6300,Furnished
,₹95 Lac ,3 BHK,Hyderabad,1400,Furnished
Sai Vaibhavi Valero,₹5.40 Cr ,4 BHK,Hyderabad,3800,Furnished
,₹16.89 Cr ,4 BHK,Hyderabad,5219,Furnished
,₹12 Cr ,4 BHK,Hyderabad,6500,Unfurnished
Phoenix Everest,₹8.50 Cr ,4 BHK,Hyderabad,5358,Furnished
Pavani Homes,₹3 Cr ,3 BHK,Hyderabad,2212,Furnished
,₹5 Cr ,3 BHK,Hyderabad,2999,Unfurnished
Nandagiri Hills,₹12 Cr ,4 BHK,Hyderabad,4000,Furnished
,₹28 Cr ,,Hyderabad,6388,
,₹4.20 Cr ,,Hyderabad,2500,
,₹1.85 Cr ,3 BHK,Hyderabad,2050,Unfurnished
,₹18.47 Cr ,4 BHK,Hyderabad,5500,Furnished
,₹15 Cr ,,Hyderabad,4500,
,₹22.50 Cr ,5 BHK,Hyderabad,10,Unfurnished
Jubilee Hills Complex,₹58 Cr ,6 BHK,Hyderabad,15000,Furnished
Sai Vaibhavi Valero,₹5 Cr ,4 BHK,Hyderabad,3826,Furnished
Aparna Aura,₹3 Cr ,3 BHK,Hyderabad,2384,Furnished
Western Plaza,₹1.11 Cr ,2 BHK,Hyderabad,1715,Furnished
Aditya Hill Crest,₹4 Cr ,3 BHK,Hyderabad,3900,Furnished
,₹2.32 Cr ,,Hyderabad,1890,
,₹18.50 Cr ,5 BHK,Hyderabad,14,Furnished
The Valencia,₹3.88 Cr ,3 BHK,Hyderabad,2019,Unfurnished
,₹10 Cr ,8 BHK,Hyderabad,5500,Furnished
Namo Shivams Elite,₹2.52 Cr ,3 BHK,Hyderabad,1500,Unfurnished
,₹1.70 Cr ,3 BHK,Hyderabad,2000,Furnished
Banjara Hills 1,₹99 Lac ,3 BHK,Hyderabad,1700,Unfurnished
,₹7.90 Cr ,,Hyderabad,3960,
Lakshmi Kohinoor Residency,₹3.36 Cr ,4 BHK,Hyderabad,2700,Furnished
The Down Town Apartments,₹2.42 Cr ,3 BHK,Hyderabad,1920,Furnished
,₹20 Cr ,7 BHK,Hyderabad,11900,Furnished
Vishnus Blue Lotus,₹3.49 Cr ,4 BHK,Hyderabad,3250,Furnished
Kanthi Avenue,₹1.40 Cr ,3 BHK,Hyderabad,1400,Furnished
,₹15 Cr ,,Hyderabad,7500,
Sri Aditya Lifestyle,₹10 Cr ,4 BHK,Hyderabad,5330,Furnished
,₹6.50 Cr ,4 BHK,Hyderabad,4270,Furnished
Trendset Sumanjali,₹8 Cr ,4 BHK,Hyderabad,3765,Furnished
,₹7.50 Cr ,4 BHK,Hyderabad,4200,Furnished
,₹15.61 Cr ,4 BHK,Hyderabad,693,Furnished
,₹4.81 Cr ,4 BHK,Hyderabad,3570,Unfurnished
Ashoka Asha Abode,₹2.75 Cr ,,Hyderabad,2300,
Swarna Heavens,₹2.10 Cr ,3 BHK,Hyderabad,2400,Furnished
Shanta Sriram Dukes Galaxy,₹3 Cr ,3 BHK,Hyderabad,1700,Unfurnished
,₹6.10 Cr ,10 BHK,Hyderabad,9000,Furnished
,₹3.80 Cr ,3 BHK,Hyderabad,2400,Furnished
,₹4.36 Cr ,4 BHK,Hyderabad,3600,Furnished
,₹7.67 Cr ,4 BHK,Hyderabad,5500,Furnished
Banjara Hills 1,₹2.15 Cr ,3 BHK,Hyderabad,1910,Furnished
,₹4.75 Cr ,4 BHK,Hyderabad,4200,Furnished
Fortunr Icon,₹4.30 Cr ,3 BHK,Hyderabad,3005,Furnished
,₹2.32 Cr ,,Hyderabad,1890,
,₹18.50 Cr ,5 BHK,Hyderabad,14,Furnished
The Valencia,₹3.88 Cr ,3 BHK,Hyderabad,2019,Unfurnished
,₹10 Cr ,8 BHK,Hyderabad,5500,Furnished
Namo Shivams Elite,₹2.52 Cr ,3 BHK,Hyderabad,1500,Unfurnished
,₹1.70 Cr ,3 BHK,Hyderabad,2000,Furnished
Banjara Hills 1,₹99 Lac ,3 BHK,Hyderabad,1700,Unfurnished
,₹7.90 Cr ,,Hyderabad,3960,
Lakshmi Kohinoor Residency,₹3.36 Cr ,4 BHK,Hyderabad,2700,Furnished
The Down Town Apartments,₹2.42 Cr ,3 BHK,Hyderabad,1920,Furnished
,₹20 Cr ,7 BHK,Hyderabad,11900,Furnished
Vishnus Blue Lotus,₹3.49 Cr ,4 BHK,Hyderabad,3250,Furnished
Kanthi Avenue,₹1.40 Cr ,3 BHK,Hyderabad,1400,Furnished
,₹15 Cr ,,Hyderabad,7500,
Sri Aditya Lifestyle,₹10 Cr ,4 BHK,Hyderabad,5330,Furnished
,₹6.50 Cr ,4 BHK,Hyderabad,4270,Furnished
Trendset Sumanjali,₹8 Cr ,4 BHK,Hyderabad,3765,Furnished
,₹7.50 Cr ,4 BHK,Hyderabad,4200,Furnished
,₹15.61 Cr ,4 BHK,Hyderabad,693,Furnished
,₹4.81 Cr ,4 BHK,Hyderabad,3570,Unfurnished
Ashoka Asha Abode,₹2.75 Cr ,,Hyderabad,2300,
Swarna Heavens,₹2.10 Cr ,3 BHK,Hyderabad,2400,Furnished
Shanta Sriram Dukes Galaxy,₹3 Cr ,3 BHK,Hyderabad,1700,Unfurnished
,₹6.10 Cr ,10 BHK,Hyderabad,9000,Furnished
,₹3.80 Cr ,3 BHK,Hyderabad,2400,Furnished
,₹4.36 Cr ,4 BHK,Hyderabad,3600,Furnished
,₹7.67 Cr ,4 BHK,Hyderabad,5500,Furnished
Banjara Hills 1,₹2.15 Cr ,3 BHK,Hyderabad,1910,Furnished
,₹4.75 Cr ,4 BHK,Hyderabad,4200,Furnished
Fortunr Icon,₹4.30 Cr ,3 BHK,Hyderabad,3005,Furnished
,₹16.80 Cr ,,Hyderabad,9600,
Pacifica Hillcrest Phase 2,₹2.30 Cr ,4 BHK,Hyderabad,1699,Unfurnished
Krishnas Arena,₹2.77 Cr ,4 BHK,Hyderabad,1564,Unfurnished
Namishree Vrindavan,₹1.36 Cr ,3 BHK,Hyderabad,1710,Unfurnished
,₹2.69 Cr ,4 BHK,Hyderabad,3375,Unfurnished
Candeur Lakescape,₹1.77 Cr ,3 BHK,Hyderabad,2029,Unfurnished
,₹79.75 Cr ,,Hyderabad,40000,
Aparna Serene Park,₹2.18 Cr ,3 BHK,Hyderabad,1615,Furnished
Sumadhura Acropolis,₹1.60 Cr ,2 BHK,Hyderabad,1245,Furnished
NJR Sreenivasam,₹2.16 Cr ,3 BHK,Hyderabad,1787,Unfurnished
,₹4.25 Cr ,,Hyderabad,1750,
BSCPL Bollineni Bion,₹4.69 Cr ,4 BHK,Hyderabad,2374,Furnished
Vessella Woods,₹8.11 Cr ,4 BHK,Hyderabad,4146,Unfurnished
Vasavi GP Trend,₹2.08 Cr ,3 BHK,Hyderabad,1845,Unfurnished
Technopolis Solitaire Unity,₹2.01 Cr ,4 BHK,Hyderabad,2300,Unfurnished
Hallmark Altus,₹1.99 Cr ,3 BHK,Hyderabad,1700,Unfurnished
,₹1.25 Cr ,3 BHK,Hyderabad,2191,Unfurnished
Niharika Skyline ,₹1.80 Cr ,3 BHK,Hyderabad,1000,Unfurnished
Aparna Luxor Park,₹1.44 Cr ,3 BHK,Hyderabad,1950,Unfurnished
Lakshmi Cadillac,₹2.03 Cr ,3 BHK,Hyderabad,2141,Unfurnished
,₹1.94 Cr ,3 BHK,Hyderabad,2425,Unfurnished
Sumadhura Acropolis,₹3.40 Cr ,3 BHK,Hyderabad,2092,Furnished
,₹1.20 Cr ,3 BHK,Hyderabad,1610,Unfurnished
SMR Vinay Iconia,₹3.25 Cr ,4 BHK,Hyderabad,3285,Unfurnished
Candeur Lakescape,₹1.60 Cr ,3 BHK,Hyderabad,1917,Unfurnished
Auro The Regent,₹1.66 Cr ,3 BHK,Hyderabad,1585,Unfurnished
Indis Viva City,₹1.49 Cr ,2 BHK,Hyderabad,1457,Unfurnished
Namishree Vrindavan,₹2.09 Cr ,4 BHK,Hyderabad,2790,Unfurnished
Candeur Lakescape,₹1.77 Cr ,3 BHK,Hyderabad,1591,Unfurnished
Namishree Vrindavan,₹2.53 Cr ,4 BHK,Hyderabad,3375,Unfurnished
Auro The Pearl,₹7.56 Cr ,4 BHK,Hyderabad,5400,Unfurnished
,₹5 Cr ,4 BHK,Hyderabad,3090,Furnished
,₹2.95 Cr ,3 BHK,Hyderabad,2145,Unfurnished
,₹5.29 Cr ,,Hyderabad,3220,
D Address,₹4 Cr ,4 BHK,Hyderabad,3166,Furnished
Cybercity Marina Skies,₹1.30 Cr ,2 BHK,Hyderabad,1210,Furnished
Lodha Bellezza,₹5.55 Cr ,4 BHK,Hyderabad,4761,Unfurnished
My Home Bhooja,₹10 Cr ,4 BHK,Hyderabad,4070,Furnished
NCC Urban Gardenia,₹6.15 Cr ,4 BHK,Hyderabad,3250,Furnished
Aditya Capitol Heights,₹1.65 Cr ,3 BHK,Hyderabad,1950,Unfurnished
My Home Bhooja,₹8.60 Cr ,4 BHK,Hyderabad,2500,Furnished
NCC Urban Gardenia,₹5.50 Cr ,4 BHK,Hyderabad,3480,Furnished
Cybercity Rainbow Vistas,₹2.22 Cr ,3 BHK,Hyderabad,2160,Furnished
Shreemukh 360 Life,₹3.05 Cr ,3 BHK,Hyderabad,2200,Unfurnished
Aditya Sunshine,₹2.45 Cr ,3 BHK,Hyderabad,2470,
Cybercity Marina Skies,₹1.35 Cr ,2 BHK,Hyderabad,1160,Furnished
Prestige Ivy League,₹5.70 Cr ,4 BHK,Hyderabad,3049,Furnished
Cybercity Marina Skies,₹1.29 Cr ,2 BHK,Hyderabad,1160,Furnished
,₹2.80 Cr ,3 BHK,Hyderabad,1750,Unfurnished
,₹78 Lac ,2 BHK,Hyderabad,1135,Furnished
NCC Urban Gardenia,₹6 Cr ,4 BHK,Hyderabad,2514,Furnished
My Home Bhooja,₹10.50 Cr ,4 BHK,Hyderabad,4070,Furnished
My Home Bhooja,₹7.90 Cr ,3 BHK,Hyderabad,3430,Furnished
My Home Bhooja,₹5.97 Cr ,3 BHK,Hyderabad,2595,Furnished
,₹6 Cr ,4 BHK,Hyderabad,3375,Furnished
My Home Bhooja,₹6.10 Cr ,3 BHK,Hyderabad,2680,Furnished
Asian Sun City,₹4.38 Cr ,,Hyderabad,4295,
,₹79.1 Lac ,3 BHK,Hyderabad,1085,Unfurnished
NCC Urban Gardenia,₹5.40 Cr ,5 BHK,Hyderabad,4146,Unfurnished
Cybercity Rainbow Vistas,₹1.40 Cr ,3 BHK,Hyderabad,1500,Furnished
HM Central Park,₹16.83 Cr ,5 BHK,Mumbai,1725,Unfurnished
Kalpataru Prive,₹109.08 Cr ,7 BHK,Mumbai,9008,Unfurnished
,₹85 Cr ,5 BHK,Mumbai,8000,Furnished
Kalpataru Prive,₹42.93 Cr ,4 BHK,Mumbai,3435,Unfurnished
Lodha Seamont,₹40.50 Cr ,4 BHK,Mumbai,3000,Unfurnished
,₹60 Cr ,4 BHK,Mumbai,3919,Unfurnished
Runwal Malabar,₹31.20 Cr ,4 BHK,Mumbai,2600,Unfurnished
Lodha Seamont,₹15 Cr ,3 BHK,Mumbai,1560,Furnished
,₹21 Cr ,4 BHK,Mumbai,2325,Unfurnished
Dhuleva Seven,₹22.04 Cr ,4 BHK,Mumbai,2449,Unfurnished
,₹18 Cr ,4 BHK,Mumbai,2000,Furnished
Anita Building,₹15.50 Cr ,3 BHK,Mumbai,1550,Furnished
,₹5.25 Cr ,2 BHK,Mumbai,800,Furnished
,₹60 Lac ,,Mumbai,200,
,₹47.50 Cr ,4 BHK,Mumbai,3800,Unfurnished
Lodha Seamont,₹14.99 Cr ,3 BHK,Mumbai,1350,Furnished
,₹98.45 Cr ,5 BHK,Mumbai,6271,Unfurnished
Arkade Rise,₹20 Cr ,4 BHK,Mumbai,1590,Furnished
,₹14.7 Lac ,,Mumbai,300,
Lodha Seamont,₹9.29 Cr ,2 BHK,Mumbai,1450,Unfurnished
,₹1.90 Cr ,,Mumbai,368,
,₹14.1 Lac ,,Mumbai,287,
Malabar Apartments,₹9 Cr ,2 BHK,Mumbai,1123,Unfurnished
Lodha Seamont,₹9.29 Cr ,2 BHK,Mumbai,1713,Unfurnished
Lodha Seamont,₹9.29 Cr ,2 BHK,Mumbai,1370,Unfurnished
,₹4.30 Cr ,3 BHK,Mumbai,950,Unfurnished
,₹6.29 Cr ,1 BHK,Mumbai,767,Furnished
Satellite Sesen,₹50 Cr ,10 BHK,Mumbai,10,Unfurnished
,₹2.30 Cr ,,Mumbai,300,
,₹10 Cr ,2 BHK,Mumbai,1000,Unfurnished
,₹9.94 Cr ,4 BHK,Mumbai,1808,Unfurnished
Rustomjee Ashiana,₹10.25 Cr ,3 BHK,Mumbai,1578,Unfurnished
Kalpataru Amare,₹24.05 Cr ,5 BHK,Mumbai,3700,Unfurnished
Rustomjee Ashiana,₹15.50 Cr ,4 BHK,Mumbai,1954,Unfurnished
Ajod One,₹5.45 Cr ,,Mumbai,988,
Rustomjee Ashiana,₹15.50 Cr ,4 BHK,Mumbai,1954,Unfurnished
Parinee Elenora,₹8.28 Cr ,4 BHK,Mumbai,1354,Unfurnished
Rishabraj Trident,₹8.65 Cr ,3 BHK,Mumbai,1574,Unfurnished
Kalpataru Amare,₹24.05 Cr ,5 BHK,Mumbai,3700,Unfurnished
,₹12.10 Cr ,4 BHK,Mumbai,1845,Unfurnished
,₹29.50 Cr ,8 BHK,Mumbai,4700,Unfurnished
Govind Vihar Apartment,₹18 Cr ,4 BHK,Mumbai,2599,Furnished
,₹5 Cr ,2 BHK,Mumbai,850,Unfurnished
,₹15.95 Cr ,3 BHK,Mumbai,2200,Unfurnished
Bharat Juhu Acropolis,₹7.75 Cr ,3 BHK,Mumbai,1240,Furnished
,₹7.70 Cr ,3 BHK,Mumbai,1400,Furnished
,₹1.51 Cr ,1 BHK,Mumbai,480,Unfurnished
Kalpataru Amare,₹9.94 Cr ,3 BHK,Mumbai,1406,Unfurnished
Kalpataru Amare,₹11.41 Cr ,3 BHK,Mumbai,1406,Furnished
,₹16 Cr ,4 BHK,Mumbai,2900,Unfurnished
Kalpataru Amare,₹8.85 Cr ,3 BHK,Mumbai,1700,Unfurnished
,₹9.50 Cr ,3 BHK,Mumbai,1534,Furnished
K Raheja Maestro,₹23.99 Cr ,4 BHK,Mumbai,2864,Furnished
Options Kinara,₹6.97 Cr ,3 BHK,Mumbai,1163,Furnished
Gurukrupa Alaknanda,₹8.50 Cr ,3 BHK,Mumbai,1458,Unfurnished
Kalpataru Amare,₹10.49 Cr ,4 BHK,Mumbai,1899,Furnished
Ajod One,₹5.45 Cr ,,Mumbai,988,
Kalpataru Amare,₹9.75 Cr ,3 BHK,Mumbai,1406,Unfurnished
Rustomjee Ashiana,₹15.50 Cr ,4 BHK,Mumbai,1954,Unfurnished
Kalpataru Amare,₹13.70 Cr ,4 BHK,Mumbai,1845,Furnished
,₹8.13 Cr ,3 BHK,Mumbai,1626,Unfurnished
,₹8.13 Cr ,3 BHK,Mumbai,1626,Unfurnished
,₹7.63 Cr ,3 BHK,Mumbai,1175,Unfurnished
Adani Ten BKC ,₹8.13 Cr ,3 BHK,Mumbai,1626,Unfurnished
Adani Ten BKC ,₹8.13 Cr ,3 BHK,Mumbai,1626,Unfurnished
Adani Ten BKC ,₹12.05 Cr ,3 BHK,Mumbai,2409,Unfurnished
Adani Ten BKC ,₹8.13 Cr ,3 BHK,Mumbai,1626,Unfurnished
Radius 10 BKC,₹6.34 Cr ,3 BHK,Mumbai,976,Unfurnished
Adani Ten BKC ,₹8.13 Cr ,3 BHK,Mumbai,1626,Unfurnished
Radius 10 BKC,₹9.36 Cr ,3 BHK,Mumbai,1442,Unfurnished
Adani Ten BKC ,₹8.13 Cr ,3 BHK,Mumbai,1626,Unfurnished
Adani Ten BKC ,₹8.13 Cr ,3 BHK,Mumbai,1626,Unfurnished
Adani Ten BKC ,₹8.13 Cr ,3 BHK,Mumbai,1626,Unfurnished
Adani Ten BKC ,₹8.13 Cr ,3 BHK,Mumbai,1626,Unfurnished
Radius 10 BKC,₹9.36 Cr ,3 BHK,Mumbai,1442,Unfurnished
,₹27 Cr ,4 BHK,Mumbai,3882,Unfurnished
,₹9 Cr ,3 BHK,Mumbai,1350,Furnished
,₹7.70 Cr ,3 BHK,Mumbai,1183,Furnished
,₹5.67 Cr ,3 BHK,Mumbai,985,Unfurnished
,₹7 Cr ,3 BHK,Mumbai,1049,Furnished
Adani Ten BKC ,₹9.30 Cr ,3 BHK,Mumbai,1432,Unfurnished
Radius 10 BKC,₹15.59 Cr ,4 BHK,Mumbai,2237,Unfurnished
Adani Ten BKC ,₹10.65 Cr ,4 BHK,Mumbai,1400,Unfurnished
Jade Gardens,₹6.50 Cr ,3 BHK,Mumbai,1370,Furnished
Adani Ten BKC ,₹8.50 Cr ,3 BHK,Mumbai,1429,Furnished
Adani Ten BKC ,₹8.70 Cr ,3 BHK,Mumbai,1450,Unfurnished
Adani Ten BKC ,₹16.77 Cr ,4 BHK,Mumbai,2237,Unfurnished
Adani Ten BKC ,₹6.33 Cr ,3 BHK,Mumbai,978,Unfurnished
Adani Ten BKC ,₹7.86 Cr ,3 BHK,Mumbai,1174,Unfurnished
Adani Ten BKC ,₹10.50 Cr ,4 BHK,Mumbai,1600,Furnished
,₹6.50 Cr ,3 BHK,Mumbai,1292,Furnished
,₹7.50 Cr ,3 BHK,Mumbai,1370,Furnished
,₹13 Cr ,3 BHK,Mumbai,1300,Unfurnished
World Trade Center,₹3 Cr ,,Mumbai,740,
,₹2.50 Cr ,2 BHK,Mumbai,500,Furnished
Jolly Maker Apartment,₹13.50 Cr ,3 BHK,Mumbai,1615,Furnished
Maker Tower,₹31 Cr ,4 BHK,Mumbai,3100,Furnished
,₹11 Cr ,3 BHK,Mumbai,1340,Furnished
World Trade Center,₹3.10 Cr ,,Mumbai,740,
,₹6.50 Cr ,3 BHK,Mumbai,1292,Furnished
Jolly Maker Apartment,₹8.50 Cr ,2 BHK,Mumbai,900,Unfurnished
,₹6.19 Cr ,,Mumbai,619,
Ameeta Apartments,₹7.50 Cr ,3 BHK,Mumbai,1015,Furnished
Jolly Maker Apartment,₹18.50 Cr ,3 BHK,Mumbai,1188,Furnished
,₹11 Cr ,3 BHK,Mumbai,1342,Furnished
Satnam Apartment,₹7 Cr ,3 BHK,Mumbai,1260,Unfurnished
Jupiter Apartment,₹11 Cr ,3 BHK,Mumbai,1640,
Maker Tower,₹2.85 Cr ,,Mumbai,218,
Jolly Maker Apartment,₹18.50 Cr ,3 BHK,Mumbai,1650,Furnished
,₹13.50 Cr ,3 BHK,Mumbai,1835,Unfurnished
Cuffe Castle,₹7 Cr ,2 BHK,Mumbai,1220,Furnished
,₹3.30 Cr ,,Mumbai,740,
Maker Tower,₹30 Cr ,4 BHK,Mumbai,3000,Furnished
,₹6.75 Cr ,2 BHK,Mumbai,850,Furnished
,₹10.50 Cr ,3 BHK,Mumbai,1340,Furnished
Hassa Mahal,₹4.50 Cr ,2 BHK,Mumbai,800,Unfurnished
Jupiter Apartment,₹10 Cr ,3 BHK,Mumbai,1342,Furnished
Maker Tower,₹20 Cr ,4 BHK,Mumbai,2100,Furnished
,₹10 Cr ,3 BHK,Mumbai,1350,Furnished
Satnam Apartment,₹8.25 Cr ,3 BHK,Mumbai,1258,Furnished
,₹39.47 Cr ,5 BHK,Mumbai,5560,Unfurnished
,₹11.11 Cr ,4 BHK,Mumbai,1588,Unfurnished
,₹11.11 Cr ,4 BHK,Mumbai,1588,Unfurnished
Lodha World Crest,₹8.38 Cr ,3 BHK,Mumbai,1536,Unfurnished
Raheja imperia 2,₹11.11 Cr ,4 BHK,Mumbai,1588,Unfurnished
Equinox Embassy Citadel,₹13.06 Cr ,3 BHK,Mumbai,1840,Unfurnished
India Bulls Sky Forest,₹17.04 Cr ,3 BHK,Mumbai,3589,Unfurnished
Equinox Embassy Citadel,₹13.06 Cr ,3 BHK,Mumbai,1840,Unfurnished
Equinox Embassy Citadel,₹13.49 Cr ,3 BHK,Mumbai,1900,Unfurnished
Equinox Embassy Citadel,₹39.47 Cr ,5 BHK,Mumbai,5560,Unfurnished
Raheja imperia 2,₹11.11 Cr ,4 BHK,Mumbai,1588,Unfurnished
,₹18 Cr ,6 BHK,Mumbai,2800,Unfurnished
,₹37.62 Cr ,5 BHK,Mumbai,5016,Unfurnished
,₹7.25 Cr ,3 BHK,Mumbai,1050,Unfurnished
Raheja Atlantis,₹4.75 Cr ,2 BHK,Mumbai,785,Furnished
,₹15 Cr ,4 BHK,Mumbai,2600,Furnished
,₹2.34 Cr ,2 BHK,Mumbai,600,Unfurnished
Equinox Embassy Citadel,₹21 Cr ,4 BHK,Mumbai,3000,Unfurnished
Marathon Nextgen Innova,₹11.50 Cr ,,Mumbai,2634,
Peninsula Corporate Park,₹55 Cr ,,Mumbai,9500,
,₹1.85 Cr ,1 BHK,Mumbai,416,Unfurnished
Lodha The World Towers,₹16.50 Cr ,3 BHK,Mumbai,2200,Furnished
Raheja imperia 2,₹10.40 Cr ,4 BHK,Mumbai,1600,Furnished
Raheja imperia 2,₹10.70 Cr ,5 BHK,Mumbai,2077,Furnished
India Bulls Sky Forest,₹9.25 Cr ,3 BHK,Mumbai,2000,Unfurnished
Equinox Embassy Citadel,₹13.80 Cr ,3 BHK,Mumbai,1840,Unfurnished
Indiabulls Sky,₹12.75 Cr ,2 BHK,Mumbai,1290,Furnished
One Avighna Park,₹35 Cr ,5 BHK,Mumbai,4800,Unfurnished
,₹2.49 Cr ,2 BHK,Mumbai,587,Furnished
Raheja imperia 2,₹11.71 Cr ,5 BHK,Mumbai,2077,Furnished
Sobha Rajvilas,₹4.14 Cr ,3 BHK,Bangalore,1982,Unfurnished
Sobha Rajvilas,₹5.95 Cr ,4 BHK,Bangalore,2848,Unfurnished
Sobha Rajvilas,₹4.18 Cr ,3 BHK,Bangalore,2001,Unfurnished
Sobha Rajvilas,₹4.53 Cr ,4 BHK,Bangalore,2171,Unfurnished
Sobha Rajvilas,₹4.53 Cr ,4 BHK,Bangalore,2171,Unfurnished
Sobha Rajvilas,₹4.18 Cr ,3 BHK,Bangalore,2001,Unfurnished
Sobha Rajvilas,₹5.95 Cr ,4 BHK,Bangalore,2848,Unfurnished
Sobha Rajvilas,₹4.14 Cr ,3 BHK,Bangalore,1982,Unfurnished
Sobha Rajvilas,₹4.49 Cr ,4 BHK,Bangalore,1520,Furnished
DNR Highline,₹3.72 Cr ,3 BHK,Bangalore,1400,Furnished
DNR Highline,₹9.70 Cr ,5 BHK,Bangalore,3363,Unfurnished
Sobha Rajvilas,₹6.15 Cr ,4 BHK,Bangalore,1680,Furnished
Brigade Gateway,₹5.50 Cr ,4 BHK,Bangalore,2100,Furnished
Sobha Rajvilas,₹6.05 Cr ,4 BHK,Bangalore,2848,Furnished
Sobha Rajvilas,₹4.75 Cr ,4 BHK,Bangalore,1800,Unfurnished
Sobha Rajvilas,₹4.70 Cr ,4 BHK,Bangalore,1700,Unfurnished
DNR Highline,₹9.77 Cr ,5 BHK,Bangalore,3363,Unfurnished
DNR Highline,₹3.54 Cr ,3 BHK,Bangalore,1690,Unfurnished
DNR Highline,₹3.65 Cr ,3 BHK,Bangalore,1690,Unfurnished
Sobha Rajvilas,₹4.65 Cr ,4 BHK,Bangalore,1800,Unfurnished
DNR Highline,₹10 Cr ,5 BHK,Bangalore,5153,Unfurnished
DNR Highline,₹9.90 Cr ,5 BHK,Bangalore,3610,Unfurnished
DNR Highline,₹5.50 Cr ,4 BHK,Bangalore,2050,Unfurnished
,₹6.50 Cr ,4 BHK,Bangalore,2100,Unfurnished
Brigade Gateway,₹3.50 Cr ,3 BHK,Bangalore,1400,Furnished
Sobha Rajvilas,₹4.50 Cr ,4 BHK,Bangalore,2500,Unfurnished
Sobha Rajvilas,₹4.25 Cr ,3 BHK,Bangalore,1387,Furnished
Sobha Rajvilas,₹4.25 Cr ,3 BHK,Bangalore,1400,Furnished
Sobha Rajvilas,₹3.90 Cr ,3 BHK,Bangalore,2100,Furnished
Brigade Gateway,₹5 Cr ,4 BHK,Bangalore,1900,Furnished
K Raheja Vivarea,₹9.33 Cr ,3 BHK,Bangalore,2809,Unfurnished
Sterling Infinia,₹4.75 Cr ,3 BHK,Bangalore,2439,Unfurnished
Sobha Morzaria Grandeur,₹5.46 Cr ,3 BHK,Bangalore,2735,Unfurnished
K Raheja Vivarea,₹9.33 Cr ,3 BHK,Bangalore,2809,Unfurnished
Advaitha Aksha,₹2.76 Cr ,3 BHK,Bangalore,1999,Unfurnished
G Corp Residences ,₹3.80 Cr ,3 BHK,Bangalore,1517,Furnished
KMB La Palazzo,₹8.65 Cr ,4 BHK,Bangalore,4893,Furnished
Radiance Platinum,₹3.54 Cr ,3 BHK,Bangalore,1800,Unfurnished
Radiance Platinum,₹5 Cr ,4 BHK,Bangalore,2700,Unfurnished
Shriram Esquire,₹3.77 Cr ,3 BHK,Bangalore,1318,Unfurnished
Radiance Platinum,₹4.90 Cr ,4 BHK,Bangalore,3010,Unfurnished
SJR Palazza City,₹2.65 Cr ,3 BHK,Bangalore,1400,Furnished
,₹2.10 Cr ,2 BHK,Bangalore,900,Unfurnished
DNR Spring Leaf,₹1.48 Cr ,3 BHK,Bangalore,1750,Unfurnished
DNR Spring Leaf,₹2.28 Cr ,3 BHK,Bangalore,1633,Unfurnished
DNR Spring Leaf,₹2.28 Cr ,3 BHK,Bangalore,957,Unfurnished
Prestige Pinewood,₹3.73 Cr ,3 BHK,Bangalore,1300,Unfurnished
Prestige Pinewood,₹2.90 Cr ,3 BHK,Bangalore,1050,Unfurnished
,₹24 Cr ,,Bangalore,9000,
,₹48 Cr ,,Bangalore,18000,
,₹14 Cr ,,Bangalore,4000,
Shriram Esquire,₹3.50 Cr ,3 BHK,Bangalore,1500,Unfurnished
Shriram Esquire,₹3.50 Cr ,3 BHK,Bangalore,1600,Unfurnished
KMB La Palazzo,₹9.10 Cr ,4 BHK,Bangalore,3200,Furnished
,₹2.90 Cr ,3 BHK,Bangalore,1700,Furnished
Shriram Esquire,₹5.12 Cr ,4 BHK,Bangalore,2360,Unfurnished
Prestige Pinewood,₹6.25 Cr ,4 BHK,Bangalore,2502,Furnished
Prestige Pinewood,₹6.95 Cr ,4 BHK,Bangalore,1703,Furnished
Raheja Residency,₹2.35 Cr ,3 BHK,Bangalore,1436,Furnished
,₹8.89 Cr ,3 BHK,Bangalore,3636,Unfurnished
,₹2.98 Cr ,4 BHK,Bangalore,1543,Unfurnished
Vaswani Starlight,₹3.87 Cr ,3 BHK,Bangalore,2730,Unfurnished
Brigade Avalon,₹6.42 Cr ,4 BHK,Bangalore,2187,Unfurnished
Ankuraa Pristine Park,₹2.82 Cr ,4 BHK,Bangalore,2439,Unfurnished
Ankuraa Pristine Park,₹1.52 Cr ,2 BHK,Bangalore,1289,Unfurnished
Evergreen at Prestige Raintree Park,₹1.64 Cr ,2 BHK,Bangalore,1177,Unfurnished
Prestige Raintree Park,₹2.84 Cr ,3 BHK,Bangalore,2004,Unfurnished
Vrise The Loft,₹2.71 Cr ,3 BHK,Bangalore,2244,Unfurnished
Vrise The Loft,₹2.71 Cr ,3 BHK,Bangalore,2244,Unfurnished
Evergreen at Prestige Raintree Park,₹3.20 Cr ,4 BHK,Bangalore,2299,Unfurnished
NVT OIKOS,₹6.25 Cr ,4 BHK,Bangalore,4069,Unfurnished
Sumadhura Edition,₹2.63 Cr ,3 BHK,Bangalore,1780,Unfurnished
Brigade Avalon,₹4.87 Cr ,3 BHK,Bangalore,1612,Unfurnished
Prestige Ozone,₹6.42 Cr ,4 BHK,Bangalore,4800,Unfurnished
Evergreen at Prestige Raintree Park,₹3.23 Cr ,4 BHK,Bangalore,2299,Unfurnished
Prestige Raintree Park,₹5.24 Cr ,5 BHK,Bangalore,3692,Unfurnished
Evergreen at Prestige Raintree Park,₹2.21 Cr ,2 BHK,Bangalore,1504,Unfurnished
Evergreen at Prestige Raintree Park,₹2.21 Cr ,2 BHK,Bangalore,1504,Unfurnished
DSR Elixir,₹4.75 Cr ,4 BHK,Bangalore,4615,Unfurnished
Evergreen at Prestige Raintree Park,₹2.58 Cr ,3 BHK,Bangalore,1759,Unfurnished
SBR One Residence,₹2.46 Cr ,3 BHK,Bangalore,1752,Unfurnished
Evergreen at Prestige Raintree Park,₹2.21 Cr ,2 BHK,Bangalore,1504,Unfurnished
Udbhav Gokulam,₹1.57 Cr ,3 BHK,Bangalore,1060,Unfurnished
Sipani City,₹1.19 Cr ,3 BHK,Bangalore,1660,Unfurnished
Sipani City,₹76.7 Lac ,2 BHK,Bangalore,1065,Unfurnished
Sterling Villa Grande,₹7.20 Cr ,3 BHK,Bangalore,3500,Unfurnished
Prestige Silver Oak,₹7.20 Cr ,4 BHK,Bangalore,4144,Unfurnished
Raffles Park,₹10.55 Cr ,5 BHK,Bangalore,6420,Unfurnished
Urban Poetry Of Earth,₹4.22 Cr ,4 BHK,Bangalore,3512,Unfurnished
Sumadhura Edition,₹3.10 Cr ,4 BHK,Bangalore,2050,Unfurnished
